-- Auto-generated by generate-seed.ts — do not edit manually.
-- Source: local DB, set OGS (Proving Grounds) + extra cards: fury-rune
-- Generated: 2026-04-20T13:36:28.175Z

-- Reference / lookup tables (upsert to merge with migration-seeded rows)
INSERT INTO domains (slug, label, sort_order, is_well_known, color) VALUES
  ('Fury', 'Fury', 0, FALSE, '#CB212D'),
  ('Calm', 'Calm', 1, FALSE, '#16AA71'),
  ('Mind', 'Mind', 2, FALSE, '#227799'),
  ('Body', 'Body', 3, FALSE, '#E2710C'),
  ('Chaos', 'Chaos', 4, FALSE, '#6B4891'),
  ('Order', 'Order', 5, FALSE, '#CDA902'),
  ('Colorless', 'Colorless', 6, TRUE, '#737373')
  ON CONFLICT (slug) DO UPDATE SET label = EXCLUDED.label, sort_order = EXCLUDED.sort_order, is_well_known = EXCLUDED.is_well_known, color = EXCLUDED.color;

INSERT INTO rarities (slug, label, sort_order, is_well_known, color) VALUES
  ('Common', 'Common', 0, FALSE, '#A6A6A6'),
  ('Uncommon', 'Uncommon', 1, FALSE, '#47D1D1'),
  ('Rare', 'Rare', 2, FALSE, '#E052B1'),
  ('Epic', 'Epic', 3, FALSE, '#FA8938'),
  ('Showcase', 'Showcase', 4, FALSE, '#FFCC00')
  ON CONFLICT (slug) DO UPDATE SET label = EXCLUDED.label, sort_order = EXCLUDED.sort_order, is_well_known = EXCLUDED.is_well_known, color = EXCLUDED.color;

INSERT INTO card_types (slug, label, sort_order, is_well_known) VALUES
  ('Legend', 'Legend', 0, TRUE),
  ('Unit', 'Unit', 1, TRUE),
  ('Rune', 'Rune', 2, TRUE),
  ('Spell', 'Spell', 3, FALSE),
  ('Gear', 'Gear', 4, FALSE),
  ('Battlefield', 'Battlefield', 5, TRUE),
  ('Other', 'Other', 6, FALSE)
  ON CONFLICT (slug) DO UPDATE SET label = EXCLUDED.label, sort_order = EXCLUDED.sort_order, is_well_known = EXCLUDED.is_well_known;

INSERT INTO super_types (slug, label, sort_order, is_well_known) VALUES
  ('Basic', 'Basic', 0, FALSE),
  ('Champion', 'Champion', 1, TRUE),
  ('Signature', 'Signature', 2, TRUE),
  ('Token', 'Token', 3, FALSE)
  ON CONFLICT (slug) DO UPDATE SET label = EXCLUDED.label, sort_order = EXCLUDED.sort_order, is_well_known = EXCLUDED.is_well_known;

INSERT INTO finishes (slug, label, sort_order, is_well_known) VALUES
  ('normal', 'Normal', 0, TRUE),
  ('foil', 'Foil', 1, TRUE),
  ('metal', 'Metal', 2, TRUE),
  ('metal-deluxe', 'Metal (Deluxe)', 3, TRUE)
  ON CONFLICT (slug) DO UPDATE SET label = EXCLUDED.label, sort_order = EXCLUDED.sort_order, is_well_known = EXCLUDED.is_well_known;

INSERT INTO art_variants (slug, label, sort_order, is_well_known) VALUES
  ('normal', 'Normal', 0, TRUE),
  ('altart', 'Alt Art', 1, TRUE),
  ('overnumbered', 'Overnumbered', 2, TRUE),
  ('ultimate', 'Ultimate', 3, TRUE)
  ON CONFLICT (slug) DO UPDATE SET label = EXCLUDED.label, sort_order = EXCLUDED.sort_order, is_well_known = EXCLUDED.is_well_known;

INSERT INTO languages (code, name, sort_order) VALUES
  ('EN', 'English', 1),
  ('ZH', 'Chinese', 2),
  ('FR', 'French', 3)
  ON CONFLICT (code) DO UPDATE SET name = EXCLUDED.name, sort_order = EXCLUDED.sort_order;

INSERT INTO formats (id, name) VALUES
  ('freeform', 'Freeform'),
  ('standard', 'Standard')
  ON CONFLICT (id) DO UPDATE SET name = EXCLUDED.name;

INSERT INTO deck_formats (slug, label, sort_order, is_well_known) VALUES
  ('constructed', 'Constructed', 0, TRUE),
  ('freeform', 'Freeform', 1, TRUE)
  ON CONFLICT (slug) DO UPDATE SET label = EXCLUDED.label, sort_order = EXCLUDED.sort_order, is_well_known = EXCLUDED.is_well_known;

INSERT INTO deck_zones (slug, label, sort_order, is_well_known) VALUES
  ('legend', 'Legend', 0, TRUE),
  ('champion', 'Champion', 1, TRUE),
  ('main', 'Main', 2, TRUE),
  ('battlefield', 'Battlefield', 3, TRUE),
  ('runes', 'Runes', 4, TRUE),
  ('sideboard', 'Sideboard', 5, TRUE),
  ('overflow', 'Overflow', 6, TRUE)
  ON CONFLICT (slug) DO UPDATE SET label = EXCLUDED.label, sort_order = EXCLUDED.sort_order, is_well_known = EXCLUDED.is_well_known;

INSERT INTO keyword_styles (name, color, dark_text) VALUES
  ('Accelerate', '#24705f', FALSE),
  ('Action', '#24705f', FALSE),
  ('Add', '#707070', FALSE),
  ('Ambush', '#24705f', FALSE),
  ('Assault', '#cd346f', FALSE),
  ('Backline', '#cd346f', FALSE),
  ('Buff', '#707070', FALSE),
  ('Deathknell', '#95b229', TRUE),
  ('Deflect', '#95b229', TRUE),
  ('Equip', '#707070', FALSE),
  ('Ganking', '#95b229', TRUE),
  ('Hidden', '#24705f', FALSE),
  ('Hunt', '#95b229', TRUE),
  ('Legion', '#24705f', FALSE),
  ('Level', '#95b229', TRUE),
  ('Mighty', '#707070', FALSE),
  ('Predict', '#707070', FALSE),
  ('Quick-Draw', '#24705f', FALSE),
  ('Reaction', '#24705f', FALSE),
  ('Repeat', '#24705f', FALSE),
  ('Shield', '#cd346f', FALSE),
  ('Stun', '#707070', FALSE),
  ('Tank', '#cd346f', FALSE),
  ('Temporary', '#95b229', TRUE),
  ('Unique', '#707070', FALSE),
  ('Vision', '#707070', FALSE),
  ('Weaponmaster', '#707070', FALSE)
  ON CONFLICT (name) DO UPDATE SET color = EXCLUDED.color, dark_text = EXCLUDED.dark_text;

INSERT INTO keyword_translations (keyword_name, language, label) VALUES
  ('Accelerate', 'ZH', '急速'),
  ('Action', 'ZH', '迅捷'),
  ('Add', 'ZH', '获得'),
  ('Ambush', 'ZH', '伏击'),
  ('Assault', 'ZH', '强攻'),
  ('Backline', 'ZH', '后排'),
  ('Buff', 'ZH', '增益'),
  ('Deathknell', 'ZH', '绝念'),
  ('Deflect', 'ZH', '法盾'),
  ('Equip', 'ZH', '装配'),
  ('Ganking', 'ZH', '游走'),
  ('Hidden', 'ZH', '待命'),
  ('Hunt', 'ZH', '狩猎'),
  ('Legion', 'ZH', '鼓舞'),
  ('Level', 'ZH', '等级'),
  ('Mighty', 'ZH', '强力'),
  ('Predict', 'ZH', '洞察'),
  ('Quick-Draw', 'ZH', '灵便'),
  ('Reaction', 'ZH', '反应'),
  ('Repeat', 'ZH', '回响'),
  ('Shield', 'ZH', '坚守'),
  ('Stun', 'ZH', '眩晕'),
  ('Tank', 'ZH', '壁垒'),
  ('Temporary', 'ZH', '瞬息'),
  ('Unique', 'ZH', '唯我'),
  ('Vision', 'ZH', '预知'),
  ('Weaponmaster', 'ZH', '百炼')
  ON CONFLICT (keyword_name, language) DO UPDATE SET label = EXCLUDED.label;


-- Sets and cards
INSERT INTO sets (id, slug, name, set_type, printed_total, sort_order, released_at) VALUES
  ('019cfc3b-0369-7890-a450-7859471cc3f6', 'OGN', 'Origins', 'main', 298, 1, '2025-08-01T00:00:00.000Z'),
  ('019cfc3b-0369-76e1-8643-5310ac59ac33', 'OGS', 'Proving Grounds', 'supplemental', 24, 2, '2025-08-01T00:00:00.000Z'),
  ('019cfc3b-0369-78be-bd85-75cb9e46ad0c', 'SFD', 'Spiritforged', 'main', 221, 5, '2026-02-28T00:00:00.000Z'),
  ('019cfd6f-067b-768c-a586-b8f9547ad455', 'UNL', 'Unleashed', 'main', 219, 6, '2026-05-08T00:00:00.000Z');

INSERT INTO cards (id, slug, name, type, might, energy, power, might_bonus, keywords, tags, norm_name) VALUES
  ('019cfc3b-038a-7c0c-a76c-e0a5e2f46b18', 'annie-fiery', 'Annie, Fiery', 'Unit', 4, 5, 1, NULL, '{}', '{"Annie","Noxus"}', 'anniefiery'),
  ('019cfc3b-038a-7c41-b170-c9f989adc4a8', 'annie-stubborn', 'Annie, Stubborn', 'Unit', 3, 4, 1, NULL, '{}', '{"Annie","Noxus"}', 'anniestubborn'),
  ('019cfc3b-038a-7acd-8d1e-ff0cd42a7878', 'blast-of-power', 'Blast of Power', 'Spell', NULL, 6, 1, NULL, '{"Action"}', '{}', 'blastofpower'),
  ('019cfc3b-038a-7e54-90c3-34a262a17bea', 'dark-child-starter', 'Dark Child, Starter', 'Legend', NULL, NULL, NULL, NULL, '{}', '{"Annie"}', 'darkchildstarter'),
  ('019cfc3b-038b-7140-a819-397e9b1eb94e', 'decisive-strike', 'Decisive Strike', 'Spell', NULL, 5, 1, NULL, '{"Action"}', '{"Garen"}', 'decisivestrike'),
  ('019cfc3b-038a-7c96-a595-49eecd42e4bf', 'final-spark', 'Final Spark', 'Spell', NULL, 8, NULL, NULL, '{"Action"}', '{"Lux"}', 'finalspark'),
  ('019cfc3b-038a-7e00-b828-03d838e5edab', 'firestorm', 'Firestorm', 'Spell', NULL, 6, 1, NULL, '{}', '{}', 'firestorm'),
  ('019cfc3b-038a-7e2f-a482-917692bfd498', 'flash', 'Flash', 'Spell', NULL, 2, NULL, NULL, '{"Reaction"}', '{}', 'flash'),
  ('019cfc3b-0387-7b61-be7a-edfadddd1879', 'fury-rune', 'Fury Rune', 'Rune', NULL, NULL, NULL, NULL, '{}', '{}', 'furyrune'),
  ('019cfc3b-038a-7c52-b7f5-683161fa2c98', 'garen-commander', 'Garen, Commander', 'Unit', 5, 6, 1, NULL, '{}', '{"Elite","Garen","Demacia"}', 'garencommander'),
  ('019cfc3b-038a-7c30-8616-613222ef6b01', 'garen-rugged', 'Garen, Rugged', 'Unit', 5, 6, 1, NULL, '{"Assault","Shield"}', '{"Elite","Garen","Demacia"}', 'garenrugged'),
  ('019cfc3b-038a-7e20-b240-25edfa53cbca', 'gentlemen-s-duel', 'Gentlemen''s Duel', 'Spell', NULL, 6, 1, NULL, '{"Action"}', '{}', 'gentlemensduel'),
  ('019cfc3b-038a-7e66-ae6d-5c57a250af7e', 'highlander', 'Highlander', 'Spell', NULL, 4, NULL, NULL, '{"Reaction"}', '{"Master Yi"}', 'highlander'),
  ('019cfc3b-0389-7de9-8860-226f4c8947d8', 'incinerate', 'Incinerate', 'Spell', NULL, 2, NULL, NULL, '{"Action"}', '{}', 'incinerate'),
  ('019cfc3b-038a-7aff-9f64-d915ada7e046', 'lady-of-luminosity-starter', 'Lady of Luminosity, Starter', 'Legend', NULL, NULL, NULL, NULL, '{}', '{"Lux"}', 'ladyofluminositystarter'),
  ('019cfc3b-038a-7e42-8b17-0f904fc6a78c', 'lux-crownguard', 'Lux, Crownguard', 'Unit', 2, 4, NULL, NULL, '{"Reaction","Add"}', '{"Lux","Demacia"}', 'luxcrownguard'),
  ('019cfc3b-038a-7aab-b290-3ac99454fe0e', 'lux-illuminated', 'Lux, Illuminated', 'Unit', 5, 6, 1, NULL, '{}', '{"Lux","Demacia"}', 'luxilluminated'),
  ('019cfc3b-038a-7abc-b43e-79b55463b059', 'master-yi-honed', 'Master Yi, Honed', 'Unit', 6, 7, 1, NULL, '{"Ganking"}', '{"Master Yi","Ionia"}', 'masteryihoned'),
  ('019cfc3b-038a-7c1e-a8eb-57c9b27608ca', 'master-yi-meditative', 'Master Yi, Meditative', 'Unit', 4, 5, 1, NULL, '{}', '{"Master Yi","Ionia"}', 'masteryimeditative'),
  ('019cfc3b-038a-7e76-9ea8-f1feb5c9d837', 'might-of-demacia-starter', 'Might of Demacia, Starter', 'Legend', NULL, NULL, NULL, NULL, '{}', '{"Garen"}', 'mightofdemaciastarter'),
  ('019cfc3b-038a-7add-b48d-e16b7614dfda', 'recruit-the-vanguard', 'Recruit the Vanguard', 'Spell', NULL, 6, NULL, NULL, '{"Action"}', '{}', 'recruitthevanguard'),
  ('019cfc3b-038a-7aef-b46a-dc08a7a17008', 'tibbers', 'Tibbers', 'Unit', 7, 8, 2, NULL, '{}', '{"Annie"}', 'tibbers'),
  ('019cfc3b-038a-7c63-a32a-d4ca63b2bee9', 'vanguard-attendant', 'Vanguard Attendant', 'Unit', 5, 6, 1, NULL, '{}', '{"Elite","Demacia"}', 'vanguardattendant'),
  ('019cfc3b-038a-7c85-87b3-452bea9999fb', 'wuju-bladesman-starter', 'Wuju Bladesman, Starter', 'Legend', NULL, NULL, NULL, NULL, '{}', '{"Master Yi"}', 'wujubladesmanstarter'),
  ('019cfc3b-038a-7e10-b8d4-6e8b9646a975', 'zephyr-sage', 'Zephyr Sage', 'Unit', 6, 6, 1, NULL, '{"Shield"}', '{"Ionia","Bird"}', 'zephyrsage');

INSERT INTO card_super_types (card_id, super_type_slug) VALUES
  ('019cfc3b-0387-7b61-be7a-edfadddd1879', 'Basic'),
  ('019cfc3b-038a-7aab-b290-3ac99454fe0e', 'Champion'),
  ('019cfc3b-038a-7abc-b43e-79b55463b059', 'Champion'),
  ('019cfc3b-038a-7aef-b46a-dc08a7a17008', 'Signature'),
  ('019cfc3b-038a-7aff-9f64-d915ada7e046', 'Champion'),
  ('019cfc3b-038a-7c0c-a76c-e0a5e2f46b18', 'Champion'),
  ('019cfc3b-038a-7c1e-a8eb-57c9b27608ca', 'Champion'),
  ('019cfc3b-038a-7c30-8616-613222ef6b01', 'Champion'),
  ('019cfc3b-038a-7c41-b170-c9f989adc4a8', 'Champion'),
  ('019cfc3b-038a-7c52-b7f5-683161fa2c98', 'Champion'),
  ('019cfc3b-038a-7c85-87b3-452bea9999fb', 'Champion'),
  ('019cfc3b-038a-7c96-a595-49eecd42e4bf', 'Signature'),
  ('019cfc3b-038a-7e42-8b17-0f904fc6a78c', 'Champion'),
  ('019cfc3b-038a-7e54-90c3-34a262a17bea', 'Champion'),
  ('019cfc3b-038a-7e66-ae6d-5c57a250af7e', 'Signature'),
  ('019cfc3b-038a-7e76-9ea8-f1feb5c9d837', 'Champion'),
  ('019cfc3b-038b-7140-a819-397e9b1eb94e', 'Signature');

INSERT INTO card_domains (card_id, domain_slug, ordinal) VALUES
  ('019cfc3b-0387-7b61-be7a-edfadddd1879', 'Fury', 0),
  ('019cfc3b-0389-7de9-8860-226f4c8947d8', 'Fury', 0),
  ('019cfc3b-038a-7aab-b290-3ac99454fe0e', 'Mind', 0),
  ('019cfc3b-038a-7abc-b43e-79b55463b059', 'Body', 0),
  ('019cfc3b-038a-7acd-8d1e-ff0cd42a7878', 'Order', 0),
  ('019cfc3b-038a-7add-b48d-e16b7614dfda', 'Order', 0),
  ('019cfc3b-038a-7aef-b46a-dc08a7a17008', 'Fury', 0),
  ('019cfc3b-038a-7aef-b46a-dc08a7a17008', 'Chaos', 1),
  ('019cfc3b-038a-7aff-9f64-d915ada7e046', 'Mind', 0),
  ('019cfc3b-038a-7aff-9f64-d915ada7e046', 'Order', 1),
  ('019cfc3b-038a-7c0c-a76c-e0a5e2f46b18', 'Fury', 0),
  ('019cfc3b-038a-7c1e-a8eb-57c9b27608ca', 'Calm', 0),
  ('019cfc3b-038a-7c30-8616-613222ef6b01', 'Body', 0),
  ('019cfc3b-038a-7c41-b170-c9f989adc4a8', 'Chaos', 0),
  ('019cfc3b-038a-7c52-b7f5-683161fa2c98', 'Order', 0),
  ('019cfc3b-038a-7c63-a32a-d4ca63b2bee9', 'Order', 0),
  ('019cfc3b-038a-7c85-87b3-452bea9999fb', 'Calm', 0),
  ('019cfc3b-038a-7c85-87b3-452bea9999fb', 'Body', 1),
  ('019cfc3b-038a-7c96-a595-49eecd42e4bf', 'Mind', 0),
  ('019cfc3b-038a-7c96-a595-49eecd42e4bf', 'Order', 1),
  ('019cfc3b-038a-7e00-b828-03d838e5edab', 'Fury', 0),
  ('019cfc3b-038a-7e10-b8d4-6e8b9646a975', 'Calm', 0),
  ('019cfc3b-038a-7e20-b240-25edfa53cbca', 'Body', 0),
  ('019cfc3b-038a-7e2f-a482-917692bfd498', 'Chaos', 0),
  ('019cfc3b-038a-7e42-8b17-0f904fc6a78c', 'Order', 0),
  ('019cfc3b-038a-7e54-90c3-34a262a17bea', 'Fury', 0),
  ('019cfc3b-038a-7e54-90c3-34a262a17bea', 'Chaos', 1),
  ('019cfc3b-038a-7e66-ae6d-5c57a250af7e', 'Calm', 0),
  ('019cfc3b-038a-7e66-ae6d-5c57a250af7e', 'Body', 1),
  ('019cfc3b-038a-7e76-9ea8-f1feb5c9d837', 'Body', 0),
  ('019cfc3b-038a-7e76-9ea8-f1feb5c9d837', 'Order', 1),
  ('019cfc3b-038b-7140-a819-397e9b1eb94e', 'Body', 0),
  ('019cfc3b-038b-7140-a819-397e9b1eb94e', 'Order', 1);

INSERT INTO card_name_aliases (card_id, norm_name) VALUES
  ('019cfc3b-0387-7b61-be7a-edfadddd1879', 'furyrune'),
  ('019cfc3b-0387-7b61-be7a-edfadddd1879', 'furyrunealternateart'),
  ('019cfc3b-0387-7b61-be7a-edfadddd1879', 'furyruneoriginsnexusnightpromo'),
  ('019cfc3b-0387-7b61-be7a-edfadddd1879', 'furyruner01b'),
  ('019cfc3b-0387-7b61-be7a-edfadddd1879', 'furyrunespiritforgednexusnightpromo'),
  ('019cfc3b-0389-7de9-8860-226f4c8947d8', 'incinerate'),
  ('019cfc3b-038a-7aab-b290-3ac99454fe0e', 'luxilluminated'),
  ('019cfc3b-038a-7aab-b290-3ac99454fe0e', 'luxilluminatedspiritforgednexusnightpromo'),
  ('019cfc3b-038a-7abc-b43e-79b55463b059', 'masteryihoned'),
  ('019cfc3b-038a-7abc-b43e-79b55463b059', 'masteryihonedspiritforgednexusnightpromo'),
  ('019cfc3b-038a-7abc-b43e-79b55463b059', 'yihoned'),
  ('019cfc3b-038a-7acd-8d1e-ff0cd42a7878', 'blastofpower'),
  ('019cfc3b-038a-7add-b48d-e16b7614dfda', 'recruitthevanguard'),
  ('019cfc3b-038a-7aef-b46a-dc08a7a17008', 'tibbers'),
  ('019cfc3b-038a-7aef-b46a-dc08a7a17008', 'tibbersspiritforgednexusnightpromo'),
  ('019cfc3b-038a-7aff-9f64-d915ada7e046', 'ladyofluminosity'),
  ('019cfc3b-038a-7aff-9f64-d915ada7e046', 'ladyofluminositystarter'),
  ('019cfc3b-038a-7aff-9f64-d915ada7e046', 'luxladyofluminosity'),
  ('019cfc3b-038a-7aff-9f64-d915ada7e046', 'luxladyofluminositymetal'),
  ('019cfc3b-038a-7aff-9f64-d915ada7e046', 'luxladyofluminositystarter'),
  ('019cfc3b-038a-7aff-9f64-d915ada7e046', 'luxladyofluminositystarterspiritforgednexusnightpromo'),
  ('019cfc3b-038a-7c0c-a76c-e0a5e2f46b18', 'anniefiery'),
  ('019cfc3b-038a-7c0c-a76c-e0a5e2f46b18', 'anniefieryspiritforgednexusnightpromo'),
  ('019cfc3b-038a-7c1e-a8eb-57c9b27608ca', 'masteryimedative'),
  ('019cfc3b-038a-7c1e-a8eb-57c9b27608ca', 'masteryimeditative'),
  ('019cfc3b-038a-7c1e-a8eb-57c9b27608ca', 'masteryimeditativespiritforgednexusnightpromo'),
  ('019cfc3b-038a-7c1e-a8eb-57c9b27608ca', 'yimeditative'),
  ('019cfc3b-038a-7c30-8616-613222ef6b01', 'garenrugged'),
  ('019cfc3b-038a-7c30-8616-613222ef6b01', 'garenruggedspiritforgednexusnightpromo'),
  ('019cfc3b-038a-7c41-b170-c9f989adc4a8', 'anniestubborn'),
  ('019cfc3b-038a-7c41-b170-c9f989adc4a8', 'anniestubbornspiritforgednexusnightpromo'),
  ('019cfc3b-038a-7c52-b7f5-683161fa2c98', 'garencommander'),
  ('019cfc3b-038a-7c52-b7f5-683161fa2c98', 'garencommanderspiritforgednexusnightpromo'),
  ('019cfc3b-038a-7c63-a32a-d4ca63b2bee9', 'vanguardattendant'),
  ('019cfc3b-038a-7c85-87b3-452bea9999fb', 'masteryiwujubladesman'),
  ('019cfc3b-038a-7c85-87b3-452bea9999fb', 'masteryiwujubladesmanmetal'),
  ('019cfc3b-038a-7c85-87b3-452bea9999fb', 'masteryiwujubladesmanstarter'),
  ('019cfc3b-038a-7c85-87b3-452bea9999fb', 'masteryiwujubladesmanstarterspiritforgednexusnightpromo'),
  ('019cfc3b-038a-7c85-87b3-452bea9999fb', 'wujubladesman'),
  ('019cfc3b-038a-7c85-87b3-452bea9999fb', 'wujubladesmanstarter'),
  ('019cfc3b-038a-7c96-a595-49eecd42e4bf', 'finalspark'),
  ('019cfc3b-038a-7c96-a595-49eecd42e4bf', 'finalsparkspiritforgednexusnightpromo'),
  ('019cfc3b-038a-7e00-b828-03d838e5edab', 'firestorm'),
  ('019cfc3b-038a-7e10-b8d4-6e8b9646a975', 'zephyrsage'),
  ('019cfc3b-038a-7e20-b240-25edfa53cbca', 'gentlemensduel'),
  ('019cfc3b-038a-7e2f-a482-917692bfd498', 'flash'),
  ('019cfc3b-038a-7e42-8b17-0f904fc6a78c', 'luxcrownguard'),
  ('019cfc3b-038a-7e42-8b17-0f904fc6a78c', 'luxcrownguardspiritforgednexusnightpromo'),
  ('019cfc3b-038a-7e54-90c3-34a262a17bea', 'anniedarkchild'),
  ('019cfc3b-038a-7e54-90c3-34a262a17bea', 'anniedarkchildmetal'),
  ('019cfc3b-038a-7e54-90c3-34a262a17bea', 'anniedarkchildstarter'),
  ('019cfc3b-038a-7e54-90c3-34a262a17bea', 'anniedarkchildstarterspiritforgednexusnightpromo'),
  ('019cfc3b-038a-7e54-90c3-34a262a17bea', 'darkchild'),
  ('019cfc3b-038a-7e54-90c3-34a262a17bea', 'darkchildstarter'),
  ('019cfc3b-038a-7e66-ae6d-5c57a250af7e', 'highlander'),
  ('019cfc3b-038a-7e66-ae6d-5c57a250af7e', 'highlanderspiritforgednexusnightpromo'),
  ('019cfc3b-038a-7e76-9ea8-f1feb5c9d837', 'garenmightofdemacia'),
  ('019cfc3b-038a-7e76-9ea8-f1feb5c9d837', 'garenmightofdemaciametal'),
  ('019cfc3b-038a-7e76-9ea8-f1feb5c9d837', 'garenmightofdemaciastarter'),
  ('019cfc3b-038a-7e76-9ea8-f1feb5c9d837', 'garenmightofdemaciastarterspiritforgednexusnightpromo'),
  ('019cfc3b-038a-7e76-9ea8-f1feb5c9d837', 'mightofdemacia'),
  ('019cfc3b-038a-7e76-9ea8-f1feb5c9d837', 'mightofdemaciastarter'),
  ('019cfc3b-038b-7140-a819-397e9b1eb94e', 'decisivestrike'),
  ('019cfc3b-038b-7140-a819-397e9b1eb94e', 'decisivestrikespiritforgednexusnightpromo');

INSERT INTO card_errata (id, card_id, corrected_rules_text, corrected_effect_text, source, source_url, effective_date) VALUES
  ('019713f0-0000-7000-8000-000000000001', '019cfc3b-038a-7c0c-a76c-e0a5e2f46b18', 'Deal 3 damage to target unit. (Corrected from 2)', NULL, 'official-errata', NULL, '2025-01-15'),
  ('019713f0-0000-7000-8000-000000000002', '019cfc3b-038a-7c41-b170-c9f989adc4a8', 'When you play me, return a spell from your trash to your hand. (Must target a spell with cost 3 or less.)', NULL, 'official-errata', 'https://example.com/errata', '2025-03-01');


-- Printings and images
INSERT INTO distribution_channels (id, slug, label, kind) VALUES
  ('019da5af-26fc-7241-9ce8-95ecadd42e15', 'atlanta-2026-best-of', 'Best Of', 'event'),
  ('019da5a8-df8c-7939-ab1d-f6776b1baade', 'atlanta-2026-prize-wall', 'Prize Wall', 'event'),
  ('019da5ae-6558-7f61-9798-f349c725fbca', 'bologna-2026-best-of', 'Best Of', 'event'),
  ('019da5a7-cf52-726f-961c-8325a9a9c4db', 'bologna-2026-prize-wall', 'Prize Wall', 'event'),
  ('019da5ae-3562-78c9-8d2f-1612065152e0', 'houston-2025-best-of', 'Best Of', 'event'),
  ('019da5a7-5b8b-7753-937c-1bfbd131f7b4', 'houston-2025-prize-wall', 'Prize Wall', 'event'),
  ('019da5a8-689c-7ff4-8905-6d63bc28759a', 'las-vegas-2025-prize-wall', 'Prize Wall', 'event'),
  ('019da5ae-9dd1-7554-9b3f-dd210bf0cf74', 'las-vegas-2026-best-of', 'Best Of', 'event'),
  ('019da5ae-e226-77a9-ae91-7a46cb07a622', 'lille-2026-best-of', 'Best Of', 'event'),
  ('019da5a8-a43a-7fd3-9573-944899f87680', 'lille-2026-prize-wall', 'Prize Wall', 'event'),
  ('019d92c3-399c-73d6-b4fe-6a11ed1f0a15', 'nexus-ogn', 'Origins', 'event'),
  ('019d8fd4-621c-737b-8228-dc1f963e6ac7', 'nexus-sfd', 'Spiritforged', 'event'),
  ('019d92c3-e96f-7306-a173-f660bb0861da', 'nexus-unl', 'Unleashed', 'event'),
  ('019d9b87-dfea-7e56-afd0-12afc7949408', 'prerift-sfd', 'Spiritforged', 'event')
  ON CONFLICT (slug) DO UPDATE SET id = EXCLUDED.id, label = EXCLUDED.label, kind = EXCLUDED.kind;

INSERT INTO markers (id, slug, label, description, sort_order) VALUES
  ('019d9291-2e4f-7c89-8453-6698bf27c415', 'promo', 'Promo', 'Promo stamp around the rarity symbol', 0)
  ON CONFLICT (slug) DO UPDATE SET id = EXCLUDED.id, label = EXCLUDED.label, description = EXCLUDED.description, sort_order = EXCLUDED.sort_order;

INSERT INTO printings (id, card_id, set_id, short_code, rarity, art_variant, is_signed, finish, artist, public_code, printed_rules_text, printed_effect_text, flavor_text, comment, marker_slugs, language, printed_name) VALUES
  ('019d69a5-28fa-70a2-92ea-73d8f2a27d3f', '019cfc3b-0387-7b61-be7a-edfadddd1879', '019cfc3b-0369-7890-a450-7859471cc3f6', 'OGN-007', 'Common', 'normal', FALSE, 'normal', 'Greg Ghielmetti&Leah Chen', 'OGN-007/298', NULL, NULL, NULL, NULL, '{}', 'ZH', '炽烈符文'),
  ('019cfc3b-03d2-75a9-b281-305c0ec46c9c', '019cfc3b-0387-7b61-be7a-edfadddd1879', '019cfc3b-0369-7890-a450-7859471cc3f6', 'OGN-007', 'Common', 'normal', FALSE, 'normal', 'Greg Ghielmetti & Leah Chen', 'OGN-007/298', NULL, NULL, NULL, NULL, '{}', 'EN', 'Fury Rune'),
  ('019cfc3b-03d1-7eb9-b5d5-588deb7bd4a7', '019cfc3b-0387-7b61-be7a-edfadddd1879', '019cfc3b-0369-7890-a450-7859471cc3f6', 'OGN-007a', 'Showcase', 'altart', FALSE, 'foil', 'Fairfoul', 'OGN-007a/298', NULL, NULL, NULL, NULL, '{}', 'EN', 'Fury Rune'),
  ('019d69a4-8117-73d6-9aec-69530d59d8da', '019cfc3b-0387-7b61-be7a-edfadddd1879', '019cfc3b-0369-7890-a450-7859471cc3f6', 'OGN-007a', 'Showcase', 'altart', FALSE, 'foil', 'Fairfoul', 'OGN-007a/298', NULL, NULL, NULL, NULL, '{}', 'ZH', '炽烈符文'),
  ('019d69a4-f7b9-7222-bb93-cb745d47be9f', '019cfc3b-0387-7b61-be7a-edfadddd1879', '019cfc3b-0369-7890-a450-7859471cc3f6', 'OGN-007b', 'Showcase', 'altart', FALSE, 'foil', 'Greg Ghielmetti & Leah Chen', 'OGN-007b/298', NULL, NULL, NULL, NULL, '{"promo"}', 'ZH', '炽烈符文'),
  ('019cfde8-86d5-734d-add4-3f4fc05c1173', '019cfc3b-0387-7b61-be7a-edfadddd1879', '019cfc3b-0369-7890-a450-7859471cc3f6', 'OGN-007b', 'Showcase', 'altart', FALSE, 'foil', 'Greg Ghielmetti & Leah Chen', 'OGN-007b/298', NULL, NULL, NULL, NULL, '{"promo"}', 'EN', 'Fury Rune'),
  ('019cfc3b-03d6-74cf-adec-1dce41f631eb', '019cfc3b-038a-7c0c-a76c-e0a5e2f46b18', '019cfc3b-0369-76e1-8643-5310ac59ac33', 'OGS-001', 'Epic', 'normal', FALSE, 'normal', 'Polar Engine Studio', 'OGS-001/024', 'Your spells and abilities deal 1 Bonus Damage. _(Each instance of damage they deal is increased by 1.)_', NULL, '“I never play with matches.”', NULL, '{}', 'EN', 'Annie, Fiery'),
  ('019d17a1-2723-733a-a21e-4630e4370046', '019cfc3b-038a-7c0c-a76c-e0a5e2f46b18', '019cfc3b-0369-76e1-8643-5310ac59ac33', 'OGS-001', 'Epic', 'normal', FALSE, 'foil', 'Polar Engine Studio', 'OGS-001/024', 'Your spells and abilities deal 1 Bonus Damage. _(Each instance of damage they deal is increased by 1.)_', NULL, '“I never play with matches.”', NULL, '{"promo"}', 'EN', 'Annie, Fiery'),
  ('019d6d05-930d-7af7-9eb5-1bbefadba3a4', '019cfc3b-038a-7c0c-a76c-e0a5e2f46b18', '019cfc3b-0369-76e1-8643-5310ac59ac33', 'OGS-001', 'Epic', 'normal', FALSE, 'normal', 'Polar Engine Studio', 'OGS-001/024', '你的法术和技能造成的伤害+1（每段伤害都+1）。', NULL, '“我从来不玩火柴。”', NULL, '{}', 'ZH', '安妮, 汹涌烈焰'),
  ('019cfc3b-03d5-768e-91cf-8ac59b20fb0e', '019cfc3b-038a-7e00-b828-03d838e5edab', '019cfc3b-0369-76e1-8643-5310ac59ac33', 'OGS-002', 'Uncommon', 'normal', FALSE, 'normal', 'Kudos Productions', 'OGS-002/024', 'Deal 3 to all enemy units at a battlefield.', NULL, '“Eeny, meeny, miny, burn!”
—Annie', NULL, '{}', 'EN', 'Firestorm'),
  ('019d6d05-9935-76e8-a805-ea6541cb99dd', '019cfc3b-038a-7e00-b828-03d838e5edab', '019cfc3b-0369-76e1-8643-5310ac59ac33', 'OGS-002', 'Uncommon', 'normal', FALSE, 'normal', 'Kudos Productions', 'OGS-002/024', '对一处战场的所有敌方单位各造成3点伤害。', NULL, '“小妞妞，放火球！”
——安妮', NULL, '{}', 'ZH', '烈火风暴'),
  ('019d6d05-9a7a-7234-aa16-3d519c8131c9', '019cfc3b-0389-7de9-8860-226f4c8947d8', '019cfc3b-0369-76e1-8643-5310ac59ac33', 'OGS-003', 'Common', 'normal', FALSE, 'normal', 'Kudos Productions', 'OGS-003/024', '[迅捷]（可在你的回合或法术对决中打出。）
对战场上的一名单位造成2点伤害。', NULL, '“你闻起来就像……烧焦了一样！”
——安妮', NULL, '{}', 'ZH', '焚烧'),
  ('019cfc3b-03d6-74e0-bdbe-4aca898a0bbd', '019cfc3b-0389-7de9-8860-226f4c8947d8', '019cfc3b-0369-76e1-8643-5310ac59ac33', 'OGS-003', 'Common', 'normal', FALSE, 'normal', 'Kudos Productions', 'OGS-003/024', '[Action] _(Play on your turn or in showdowns.)_
Deal 2 to a unit at a battlefield.', NULL, '“You smell like burning!”
—Annie', NULL, '{}', 'EN', 'Incinerate'),
  ('019d17a6-13f6-74f3-bcaa-6974580b57db', '019cfc3b-038a-7c1e-a8eb-57c9b27608ca', '019cfc3b-0369-76e1-8643-5310ac59ac33', 'OGS-004', 'Rare', 'normal', FALSE, 'foil', 'Kudos Productions', 'OGS-004/024', 'While you have 8+ runes, I have +4 :rb_might:.', NULL, '“Anger gives motivation without purpose.”', NULL, '{"promo"}', 'EN', 'Master Yi, Meditative'),
  ('019cfc3b-03d6-74f2-bcff-7bd89d0061f5', '019cfc3b-038a-7c1e-a8eb-57c9b27608ca', '019cfc3b-0369-76e1-8643-5310ac59ac33', 'OGS-004', 'Rare', 'normal', FALSE, 'normal', 'Kudos Productions', 'OGS-004/024', 'While you have 8+ runes, I have +4 :rb_might:.', NULL, '“Anger gives motivation without purpose.”', NULL, '{}', 'EN', 'Master Yi, Meditative'),
  ('019d6d05-a758-7fce-aadd-aafcc11baebe', '019cfc3b-038a-7c1e-a8eb-57c9b27608ca', '019cfc3b-0369-76e1-8643-5310ac59ac33', 'OGS-004', 'Rare', 'normal', FALSE, 'normal', 'Kudos Productions', 'OGS-004/024', '如果你拥有不少于八枚符文，则我获得:rb_might:+4。', NULL, '“愤怒，带来冲动。”', NULL, '{}', 'ZH', '易, 禅心大道'),
  ('019d6d05-aa97-77be-8913-cae20a56f25f', '019cfc3b-038a-7e10-b8d4-6e8b9646a975', '019cfc3b-0369-76e1-8643-5310ac59ac33', 'OGS-005', 'Uncommon', 'normal', FALSE, 'normal', 'Six More Vodka', 'OGS-005/024', '[坚守]（如果我是防守方，则:rb_might:+1。）', NULL, '“真正的大师，永远都怀着一颗学徒的心。”——易', NULL, '{}', 'ZH', '和风贤者'),
  ('019cfc3b-03d6-7502-b5c1-a9e422f91ac7', '019cfc3b-038a-7e10-b8d4-6e8b9646a975', '019cfc3b-0369-76e1-8643-5310ac59ac33', 'OGS-005', 'Uncommon', 'normal', FALSE, 'normal', 'Six More Vodka', 'OGS-005/024', '[Shield] _(+1 :rb_might: while I’m a defender.)_', NULL, '“A true master is an eternal student.”
—Master Yi', NULL, '{}', 'EN', 'Zephyr Sage'),
  ('019cfc3b-03d6-7514-9347-be4597ff1eee', '019cfc3b-038a-7aab-b290-3ac99454fe0e', '019cfc3b-0369-76e1-8643-5310ac59ac33', 'OGS-006', 'Rare', 'normal', FALSE, 'normal', 'Six More Vodka', 'OGS-006/024', 'When you play a spell that costs :rb_energy_5: or more, give me +3 :rb_might: this turn.', NULL, '“No more holding back!”', NULL, '{}', 'EN', 'Lux, Illuminated'),
  ('019d6d05-b0ac-79e3-8edc-0d6d436d148b', '019cfc3b-038a-7aab-b290-3ac99454fe0e', '019cfc3b-0369-76e1-8643-5310ac59ac33', 'OGS-006', 'Rare', 'normal', FALSE, 'normal', 'Six More Vodka', 'OGS-006/024', '每当你打出费用不低于:rb_energy_5:的法术时，让我本回合内:rb_might:+3。', NULL, '“毫无保留！”', NULL, '{}', 'ZH', '拉克丝, 明丽光华'),
  ('019d1be8-3681-73b5-bf13-078b7e3c9096', '019cfc3b-038a-7aab-b290-3ac99454fe0e', '019cfc3b-0369-76e1-8643-5310ac59ac33', 'OGS-006', 'Rare', 'normal', FALSE, 'foil', 'Six More Vodka', 'OGS-006/024', 'When you play a spell that costs :rb_energy_5: or more, give me +3 :rb_might: this turn.', NULL, '“No more holding back!”', NULL, '{"promo"}', 'EN', 'Lux, Illuminated'),
  ('019d1bee-0857-793a-b76b-50b6ead8ddbb', '019cfc3b-038a-7c30-8616-613222ef6b01', '019cfc3b-0369-76e1-8643-5310ac59ac33', 'OGS-007', 'Rare', 'normal', FALSE, 'foil', 'Six More Vodka', 'OGS-007/024', '[Assault 2], [Shield 2] _(+2 :rb_might: while I’m an attacker or defender.)_', NULL, '“Fear is the first of many foes.”', NULL, '{"promo"}', 'EN', 'Garen, Rugged'),
  ('019cfc3b-03d6-752a-adc5-19033009d65d', '019cfc3b-038a-7c30-8616-613222ef6b01', '019cfc3b-0369-76e1-8643-5310ac59ac33', 'OGS-007', 'Rare', 'normal', FALSE, 'normal', 'Six More Vodka', 'OGS-007/024', '[Assault 2], [Shield 2] _(+2 :rb_might: while I’m an attacker or defender.)_', NULL, '“Fear is the first of many foes.”', NULL, '{}', 'EN', 'Garen, Rugged'),
  ('019d6d05-b656-79e4-b3df-2c0c6414f64b', '019cfc3b-038a-7c30-8616-613222ef6b01', '019cfc3b-0369-76e1-8643-5310ac59ac33', 'OGS-007', 'Rare', 'normal', FALSE, 'normal', 'Six More Vodka', 'OGS-007/024', '[强攻2]（如果我是进攻方，则:rb_might:+2。）
[坚守2]（如果我是防守方，则:rb_might:+2。）', NULL, '“恐惧，是万敌之首。”', NULL, '{}', 'ZH', '盖伦, 身经百战'),
  ('019d6d05-b99e-7e0e-96dd-e1c9da4bdae3', '019cfc3b-038a-7e20-b240-25edfa53cbca', '019cfc3b-0369-76e1-8643-5310ac59ac33', 'OGS-008', 'Common', 'normal', FALSE, 'normal', 'Kudos Productions', 'OGS-008/024', '[迅捷]（可在你的回合或法术对决中打出。）
让一名友方单位本回合内:rb_might:+3。随后，选择一名敌方单位，让这两名单位互相以自身战力给对方造成伤害。', NULL, '体面而正式地干掉你的敌人。', NULL, '{}', 'ZH', '绅士决斗'),
  ('019cfc3b-03d6-753c-9ec3-7cf48219b1e8', '019cfc3b-038a-7e20-b240-25edfa53cbca', '019cfc3b-0369-76e1-8643-5310ac59ac33', 'OGS-008', 'Common', 'normal', FALSE, 'normal', 'Kudos Productions', 'OGS-008/024', '[Action] _(Play on your turn or in showdowns.)_
Give a friendly unit +3 :rb_might: this turn. Then choose an enemy unit. They deal damage equal to their Mights to each other.', NULL, 'A proper and formal way to kill your enemies.', NULL, '{}', 'EN', 'Gentlemen''s Duel'),
  ('019d6d05-c13a-799a-bda0-efd70a6a1b75', '019cfc3b-038a-7abc-b43e-79b55463b059', '019cfc3b-0369-76e1-8643-5310ac59ac33', 'OGS-009', 'Epic', 'normal', FALSE, 'normal', 'Kudos Productions', 'OGS-009/024', '[游走]（我可以向其他战场进行移动。）
我以活跃状态进场。', NULL, '“集中起来的意志，可以击穿顽石。”', NULL, '{}', 'ZH', '易, 锋芒毕现'),
  ('019cfc3b-03d6-754e-a4de-ca223b302965', '019cfc3b-038a-7abc-b43e-79b55463b059', '019cfc3b-0369-76e1-8643-5310ac59ac33', 'OGS-009', 'Epic', 'normal', FALSE, 'normal', 'Kudos Productions', 'OGS-009/024', '[Ganking] _(I can move from battlefield to battlefield.)_
I enter ready.', NULL, '“The focused mind can pierce through stone.”', NULL, '{}', 'EN', 'Master Yi, Honed'),
  ('019d17ac-724a-732c-b83a-23cd257a74e5', '019cfc3b-038a-7abc-b43e-79b55463b059', '019cfc3b-0369-76e1-8643-5310ac59ac33', 'OGS-009', 'Epic', 'normal', FALSE, 'foil', 'Kudos Productions', 'OGS-009/024', '[Ganking] _(I can move from battlefield to battlefield.)_
I enter ready.', NULL, '“The focused mind can pierce through stone.”', NULL, '{"promo"}', 'EN', 'Master Yi, Honed'),
  ('019d6d05-c823-7069-95b6-1cdf23f82a9a', '019cfc3b-038a-7c41-b170-c9f989adc4a8', '019cfc3b-0369-76e1-8643-5310ac59ac33', 'OGS-010', 'Rare', 'normal', FALSE, 'normal', 'League Splash Team', 'OGS-010/024', '当你打出我时，让一张法术牌从你的废牌堆返回你的手牌。', NULL, '“该我了！”', NULL, '{}', 'ZH', '安妮, 野火丛生'),
  ('019cfc3b-03d6-755e-8d42-32464c0bf236', '019cfc3b-038a-7c41-b170-c9f989adc4a8', '019cfc3b-0369-76e1-8643-5310ac59ac33', 'OGS-010', 'Rare', 'normal', FALSE, 'normal', 'League Splash Team', 'OGS-010/024', 'When you play me, return a spell from your trash to your hand.', NULL, '“I want a turn!”', NULL, '{}', 'EN', 'Annie, Stubborn'),
  ('019d1bf8-97d5-79ac-929e-286838af5508', '019cfc3b-038a-7c41-b170-c9f989adc4a8', '019cfc3b-0369-76e1-8643-5310ac59ac33', 'OGS-010', 'Rare', 'normal', FALSE, 'foil', 'League Splash Team', 'OGS-010/024', 'When you play me, return a spell from your trash to your hand.', NULL, '“I want a turn!”', NULL, '{"promo"}', 'EN', 'Annie, Stubborn'),
  ('019cfc3b-03d6-7570-ac57-ad240fe24183', '019cfc3b-038a-7e2f-a482-917692bfd498', '019cfc3b-0369-76e1-8643-5310ac59ac33', 'OGS-011', 'Common', 'normal', FALSE, 'normal', 'Sugar Free', 'OGS-011/024', '[Reaction] _(Play any time, even before spells and abilities resolve.)_
Move up to 2 friendly units to base.', NULL, '“It’s not running away. It’s strategic repositioning.”', NULL, '{}', 'EN', 'Flash'),
  ('019da2e8-4802-73ea-bf4a-08974766950d', '019cfc3b-038a-7e2f-a482-917692bfd498', '019cfc3b-0369-76e1-8643-5310ac59ac33', 'OGS-011', 'Common', 'normal', FALSE, 'foil', 'Sugar Free', 'OGS-011/024', '[Reaction] _(Play any time, even before spells and abilities resolve.)_
Move up to 2 friendly units to base.', NULL, '“It’s not running away. It’s strategic repositioning.”', NULL, '{"promo"}', 'EN', 'Flash'),
  ('019d6d05-d8e2-7e53-8fe6-54fd10424a8b', '019cfc3b-038a-7e2f-a482-917692bfd498', '019cfc3b-0369-76e1-8643-5310ac59ac33', 'OGS-011', 'Common', 'normal', FALSE, 'normal', 'Sugar Free', 'OGS-011/024', '[反应]（可在任意时机打出，甚至先于其他法术和技能的结算。）
将最多两名友方单位从战场上移动到基地。', NULL, '这不叫逃跑，这叫战术性转移。', NULL, '{}', 'ZH', '闪现'),
  ('019d6d05-d9e8-75ca-9545-64d46c8fb6cb', '019cfc3b-038a-7acd-8d1e-ff0cd42a7878', '019cfc3b-0369-76e1-8643-5310ac59ac33', 'OGS-012', 'Common', 'normal', FALSE, 'normal', 'Kudos Productions', 'OGS-012/024', '[迅捷]（可在你的回合或法术对决中打出。）
摧毁战场上的一名单位。', NULL, '“照亮所有敌人！”
——拉克丝', NULL, '{}', 'ZH', '爆能术'),
  ('019cfc3b-03d6-7581-bf1d-f627860d73b0', '019cfc3b-038a-7acd-8d1e-ff0cd42a7878', '019cfc3b-0369-76e1-8643-5310ac59ac33', 'OGS-012', 'Common', 'normal', FALSE, 'normal', 'Kudos Productions', 'OGS-012/024', '[Action] _(Play on your turn or in showdowns.)_
Kill a unit at a battlefield.', NULL, '“Illuminate the enemy!”
—Lux', NULL, '{}', 'EN', 'Blast of Power'),
  ('019cfc3b-03d6-7592-be7d-af8b5a85a818', '019cfc3b-038a-7c52-b7f5-683161fa2c98', '019cfc3b-0369-76e1-8643-5310ac59ac33', 'OGS-013', 'Epic', 'normal', FALSE, 'normal', 'Six More Vodka', 'OGS-013/024', 'Other friendly units have +1 :rb_might: here.', NULL, '“For Demacia!”', NULL, '{}', 'EN', 'Garen, Commander'),
  ('019d1bfd-da4c-73d9-b2c9-a6c628b23bdd', '019cfc3b-038a-7c52-b7f5-683161fa2c98', '019cfc3b-0369-76e1-8643-5310ac59ac33', 'OGS-013', 'Epic', 'normal', FALSE, 'foil', 'Six More Vodka', 'OGS-013/024', 'Other friendly units have +1 :rb_might: here.', NULL, '“For Demacia!”', NULL, '{"promo"}', 'EN', 'Garen, Commander'),
  ('019d6d05-e5d5-7c5b-8b55-90aeb47adb3e', '019cfc3b-038a-7c52-b7f5-683161fa2c98', '019cfc3b-0369-76e1-8643-5310ac59ac33', 'OGS-013', 'Epic', 'normal', FALSE, 'normal', 'Six More Vodka', 'OGS-013/024', '此处的其他友方单位获得:rb_might:+1。', NULL, '“为了德玛西亚！”', NULL, '{}', 'ZH', '盖伦, 剑尉长'),
  ('019d6d05-f9be-789f-b21f-bfe68b1572d8', '019cfc3b-038a-7e42-8b17-0f904fc6a78c', '019cfc3b-0369-76e1-8643-5310ac59ac33', 'OGS-014', 'Epic', 'normal', FALSE, 'normal', 'Envar Studio', 'OGS-014/024', ':rb_exhaust:：[反应]-[获得]:rb_energy_2:，但仅可用于打出法术。（获得费用资源的技能无法成为其他法术的反应目标。）', NULL, '“我已经压抑自己的光芒太久了。”', NULL, '{}', 'ZH', '拉克丝, 冕卫之光'),
  ('019d1c00-e58f-73c9-a402-a822d45df1f9', '019cfc3b-038a-7e42-8b17-0f904fc6a78c', '019cfc3b-0369-76e1-8643-5310ac59ac33', 'OGS-014', 'Epic', 'normal', FALSE, 'foil', 'Envar Studio', 'OGS-014/024', ':rb_exhaust:: [Reaction] — [Add] :rb_energy_2:. Use only to play spells. _(Abilities that add resources can’t be reacted to.)_', NULL, '“I’ve been hiding my light long enough.”', NULL, '{"promo"}', 'EN', 'Lux, Crownguard'),
  ('019cfc3b-03d6-75a3-90b8-c82d7afdc00a', '019cfc3b-038a-7e42-8b17-0f904fc6a78c', '019cfc3b-0369-76e1-8643-5310ac59ac33', 'OGS-014', 'Epic', 'normal', FALSE, 'normal', 'Envar Studio', 'OGS-014/024', ':rb_exhaust:: [Reaction] — [Add] :rb_energy_2:. Use only to play spells. _(Abilities that add resources can’t be reacted to.)_', NULL, '“I’ve been hiding my light long enough.”', NULL, '{}', 'EN', 'Lux, Crownguard'),
  ('019cfc3b-03d6-75d8-a0f7-c6fd8a35c6f9', '019cfc3b-038a-7add-b48d-e16b7614dfda', '019cfc3b-0369-76e1-8643-5310ac59ac33', 'OGS-015', 'Uncommon', 'normal', FALSE, 'normal', 'Kudos Productions', 'OGS-015/024', '[Action] _(Play on your turn or in showdowns.)_
Play four 1 :rb_might: Recruit unit tokens. _(They can be played to your base or to battlefields you control.)_', NULL, '“My heart and sword always for Demacia.”
—Garen', NULL, '{}', 'EN', 'Recruit the Vanguard'),
  ('019d6d05-fee6-7d60-b8f2-ea216d891c59', '019cfc3b-038a-7add-b48d-e16b7614dfda', '019cfc3b-0369-76e1-8643-5310ac59ac33', 'OGS-015', 'Uncommon', 'normal', FALSE, 'normal', 'Kudos Productions', 'OGS-015/024', '[迅捷]（可在你的回合或法术对决中打出。）
打出四名1:rb_might:的“随从”。（可以将其打出到你的基地或你已控制的战场。）', NULL, '“人在塔在！”
——盖伦', NULL, '{}', 'ZH', '共同献身'),
  ('019cfc3b-03d6-75ee-922c-1e736369b5d4', '019cfc3b-038a-7c63-a32a-d4ca63b2bee9', '019cfc3b-0369-76e1-8643-5310ac59ac33', 'OGS-016', 'Common', 'normal', FALSE, 'normal', 'Six More Vodka', 'OGS-016/024', 'I enter ready.', NULL, '“Even the Vanguard needs a first line of defense.”', NULL, '{}', 'EN', 'Vanguard Attendant'),
  ('019d6d06-0398-7088-8098-0484a6aa2fea', '019cfc3b-038a-7c63-a32a-d4ca63b2bee9', '019cfc3b-0369-76e1-8643-5310ac59ac33', 'OGS-016', 'Common', 'normal', FALSE, 'normal', 'Six More Vodka', 'OGS-016/024', '我以活跃状态进场。', NULL, '就算是先锋，也需要第一道防线。', NULL, '{}', 'ZH', '先锋扈从'),
  ('019d1c05-bf03-747d-be95-60ee1687b24b', '019cfc3b-038a-7e54-90c3-34a262a17bea', '019cfc3b-0369-76e1-8643-5310ac59ac33', 'OGS-017', 'Rare', 'normal', FALSE, 'foil', 'Six More Vodka', 'OGS-017/024', 'At the end of your turn, ready 2 runes.', NULL, NULL, NULL, '{"promo"}', 'EN', 'Dark Child, Starter'),
  ('019da584-8b47-7dc9-83c1-544b4eb30967', '019cfc3b-038a-7e54-90c3-34a262a17bea', '019cfc3b-0369-76e1-8643-5310ac59ac33', 'OGS-017', 'Rare', 'normal', FALSE, 'metal', '-', 'OGS-017/024', 'At the end of your turn, ready 2 runes.', NULL, NULL, NULL, '{"promo"}', 'EN', 'Dark Child, Starter'),
  ('019d6d06-108e-726f-809e-13b31796be1c', '019cfc3b-038a-7e54-90c3-34a262a17bea', '019cfc3b-0369-76e1-8643-5310ac59ac33', 'OGS-017', 'Rare', 'normal', FALSE, 'normal', 'Six More Vodka', 'OGS-017/024', '在你回合结束时，让两枚符文变为活跃状态。', NULL, NULL, NULL, '{}', 'ZH', '黑暗之女, 入门'),
  ('019da5ac-fbc9-714d-b6c2-3505305416d9', '019cfc3b-038a-7e54-90c3-34a262a17bea', '019cfc3b-0369-76e1-8643-5310ac59ac33', 'OGS-017', 'Rare', 'normal', FALSE, 'metal-deluxe', '-', 'OGS-017/024', 'At the end of your turn, ready 2 runes.', NULL, NULL, NULL, '{"promo"}', 'EN', 'Dark Child, Starter'),
  ('019cfc3b-03d6-7600-9bd2-f43441e40ace', '019cfc3b-038a-7e54-90c3-34a262a17bea', '019cfc3b-0369-76e1-8643-5310ac59ac33', 'OGS-017', 'Rare', 'normal', FALSE, 'normal', 'Six More Vodka', 'OGS-017/024', 'At the end of your turn, ready 2 runes.', NULL, NULL, NULL, '{}', 'EN', 'Dark Child, Starter'),
  ('019cfc3b-03d8-7309-9eae-0ba9ba5967f3', '019cfc3b-038a-7aef-b46a-dc08a7a17008', '019cfc3b-0369-76e1-8643-5310ac59ac33', 'OGS-018', 'Epic', 'normal', FALSE, 'normal', 'Polar Engine Studio', 'OGS-018/024', 'When you play me, deal 3 to all units at battlefields.', NULL, '“Bear hug!”
—Annie', NULL, '{}', 'EN', 'Tibbers'),
  ('019d1c0b-64ab-7160-8bd6-36dfdffb1210', '019cfc3b-038a-7aef-b46a-dc08a7a17008', '019cfc3b-0369-76e1-8643-5310ac59ac33', 'OGS-018', 'Epic', 'normal', FALSE, 'foil', 'Polar Engine Studio', 'OGS-018/024', 'When you play me, deal 3 to all units at battlefields.', NULL, '“Bear hug!”
—Annie', NULL, '{"promo"}', 'EN', 'Tibbers'),
  ('019d6d06-1dd2-7649-938a-01851a1098ae', '019cfc3b-038a-7aef-b46a-dc08a7a17008', '019cfc3b-0369-76e1-8643-5310ac59ac33', 'OGS-018', 'Epic', 'normal', FALSE, 'normal', 'Polar Engine Studio', 'OGS-018/024', '当你打出我时，对所有战场上的单位各造成3点伤害。', NULL, '“你看见过我的小熊吗？”
——安妮', NULL, '{}', 'ZH', '提伯斯'),
  ('019d6d06-2149-7ed5-a52b-64215640186a', '019cfc3b-038a-7c85-87b3-452bea9999fb', '019cfc3b-0369-76e1-8643-5310ac59ac33', 'OGS-019', 'Rare', 'normal', FALSE, 'normal', 'Grafit Studio&Quy Ho', 'OGS-019/024', '如果你只有一名友方单位防守一处战场，则该单位:rb_might:+2。', NULL, NULL, NULL, '{}', 'ZH', '无极剑圣, 入门'),
  ('019cfc3b-03d8-731c-8957-4f2dc4f8464f', '019cfc3b-038a-7c85-87b3-452bea9999fb', '019cfc3b-0369-76e1-8643-5310ac59ac33', 'OGS-019', 'Rare', 'normal', FALSE, 'normal', 'Grafit Studio/Quy Ho', 'OGS-019/024', 'While a friendly unit defends alone, it gets +2 :rb_might:.', NULL, NULL, NULL, '{}', 'EN', 'Wuju Bladesman, Starter'),
  ('019d1c0e-5395-709b-a44a-b9b9bc85907b', '019cfc3b-038a-7c85-87b3-452bea9999fb', '019cfc3b-0369-76e1-8643-5310ac59ac33', 'OGS-019', 'Rare', 'normal', FALSE, 'foil', 'Grafit Studio/Quy Ho', 'OGS-019/024', 'While a friendly unit defends alone, it gets +2 :rb_might:.', NULL, NULL, NULL, '{"promo"}', 'EN', 'Wuju Bladesman, Starter'),
  ('019da5b2-2f7e-795a-8aab-fea24addf8d5', '019cfc3b-038a-7c85-87b3-452bea9999fb', '019cfc3b-0369-76e1-8643-5310ac59ac33', 'OGS-019', 'Rare', 'normal', FALSE, 'metal', '-', 'OGS-019/024', 'While a friendly unit defends alone, it gets +2 :rb_might:.', NULL, NULL, NULL, '{"promo"}', 'EN', 'Wuju Bladesman, Starter'),
  ('019da5b2-4433-7a73-81a1-89be2c638768', '019cfc3b-038a-7c85-87b3-452bea9999fb', '019cfc3b-0369-76e1-8643-5310ac59ac33', 'OGS-019', 'Rare', 'normal', FALSE, 'metal-deluxe', '-', 'OGS-019/024', 'While a friendly unit defends alone, it gets +2 :rb_might:.', NULL, NULL, NULL, '{"promo"}', 'EN', 'Wuju Bladesman, Starter'),
  ('019cfc3b-03d8-732e-9d55-1e74ebff11dd', '019cfc3b-038a-7e66-ae6d-5c57a250af7e', '019cfc3b-0369-76e1-8643-5310ac59ac33', 'OGS-020', 'Epic', 'normal', FALSE, 'normal', 'Kudos Productions', 'OGS-020/024', '[Reaction] _(Play any time, even before spells and abilities resolve.)_
Choose a friendly unit. The next time it dies this turn, recall it exhausted instead. _(Send it to base. This isn’t a move.)_', NULL, NULL, NULL, '{}', 'EN', 'Highlander'),
  ('019d6d06-2210-7187-b6ea-5d10e2e048ab', '019cfc3b-038a-7e66-ae6d-5c57a250af7e', '019cfc3b-0369-76e1-8643-5310ac59ac33', 'OGS-020', 'Epic', 'normal', FALSE, 'normal', 'Kudos Productions', 'OGS-020/024', '[反应]（可在任意时机打出，甚至先于其他法术和技能的结算。）
选择一名友方单位。如果该单位在本回合内被摧毁，则改为以休眠状态将其召回。（把该单位送回基地，此行动不算作移动。）', NULL, NULL, NULL, '{}', 'ZH', '高原血统'),
  ('019d1c11-4999-78e3-9980-2298b44d436d', '019cfc3b-038a-7e66-ae6d-5c57a250af7e', '019cfc3b-0369-76e1-8643-5310ac59ac33', 'OGS-020', 'Epic', 'normal', FALSE, 'foil', 'Kudos Productions', 'OGS-020/024', '[Reaction] _(Play any time, even before spells and abilities resolve.)_
Choose a friendly unit. The next time it dies this turn, recall it exhausted instead. _(Send it to base. This isn’t a move.)_', NULL, NULL, NULL, '{"promo"}', 'EN', 'Highlander'),
  ('019cfc3b-03d8-7340-8664-d8b5b646ef84', '019cfc3b-038a-7aff-9f64-d915ada7e046', '019cfc3b-0369-76e1-8643-5310ac59ac33', 'OGS-021', 'Rare', 'normal', FALSE, 'normal', 'Grafit Studio/Maki Planas Mata', 'OGS-021/024', 'When you play a spell that costs :rb_energy_5: or more, draw 1.', NULL, NULL, NULL, '{}', 'EN', 'Lady of Luminosity, Starter'),
  ('019da5b3-49ad-7ccc-8d74-7e6b9210e55d', '019cfc3b-038a-7aff-9f64-d915ada7e046', '019cfc3b-0369-76e1-8643-5310ac59ac33', 'OGS-021', 'Rare', 'normal', FALSE, 'metal-deluxe', '-', 'OGS-021/024', 'When you play a spell that costs :rb_energy_5: or more, draw 1.', NULL, NULL, NULL, '{"promo"}', 'EN', 'Lady of Luminosity, Starter'),
  ('019d1c23-7217-7141-8e0f-d21a9ed554f0', '019cfc3b-038a-7aff-9f64-d915ada7e046', '019cfc3b-0369-76e1-8643-5310ac59ac33', 'OGS-021', 'Rare', 'normal', FALSE, 'foil', 'Grafit Studio/Maki Planas Mata', 'OGS-021/024', 'When you play a spell that costs :rb_energy_5: or more, draw 1.', NULL, NULL, NULL, '{"promo"}', 'EN', 'Lady of Luminosity, Starter'),
  ('019d6d06-3071-78cb-871f-945422034de3', '019cfc3b-038a-7aff-9f64-d915ada7e046', '019cfc3b-0369-76e1-8643-5310ac59ac33', 'OGS-021', 'Rare', 'normal', FALSE, 'normal', 'Grafit Studio&Maki Planas Mata', 'OGS-021/024', '每当你打出一张费用不低于:rb_energy_5:的法术时，抽一张牌。', NULL, NULL, NULL, '{}', 'ZH', '光辉女郎, 入门'),
  ('019da5b3-3452-77b1-944c-ad84ab919340', '019cfc3b-038a-7aff-9f64-d915ada7e046', '019cfc3b-0369-76e1-8643-5310ac59ac33', 'OGS-021', 'Rare', 'normal', FALSE, 'metal', '-', 'OGS-021/024', 'When you play a spell that costs :rb_energy_5: or more, draw 1.', NULL, NULL, NULL, '{"promo"}', 'EN', 'Lady of Luminosity, Starter'),
  ('019cfc3b-03d8-7350-b433-2aee587b1912', '019cfc3b-038a-7c96-a595-49eecd42e4bf', '019cfc3b-0369-76e1-8643-5310ac59ac33', 'OGS-022', 'Epic', 'normal', FALSE, 'normal', 'Kudos Productions', 'OGS-022/024', '[Action] _(Play on your turn or in showdowns.)_
Deal 8 to a unit.', NULL, NULL, NULL, '{}', 'EN', 'Final Spark'),
  ('019d6d06-31c7-75c2-ba60-479deb454553', '019cfc3b-038a-7c96-a595-49eecd42e4bf', '019cfc3b-0369-76e1-8643-5310ac59ac33', 'OGS-022', 'Epic', 'normal', FALSE, 'normal', 'Kudos Productions', 'OGS-022/024', '[迅捷]（可在你的回合或法术对决中打出。）
对一名单位造成8点伤害。', NULL, NULL, NULL, '{}', 'ZH', '终极闪光'),
  ('019d1c22-1887-706e-82aa-9a552138fde7', '019cfc3b-038a-7c96-a595-49eecd42e4bf', '019cfc3b-0369-76e1-8643-5310ac59ac33', 'OGS-022', 'Epic', 'normal', FALSE, 'foil', 'Kudos Productions', 'OGS-022/024', '[Action] _(Play on your turn or in showdowns.)_
Deal 8 to a unit.', NULL, NULL, NULL, '{"promo"}', 'EN', 'Final Spark'),
  ('019da5b3-9b8d-765f-9d8f-0e296034bd38', '019cfc3b-038a-7e76-9ea8-f1feb5c9d837', '019cfc3b-0369-76e1-8643-5310ac59ac33', 'OGS-023', 'Rare', 'normal', FALSE, 'metal-deluxe', '-', 'OGS-023/024', 'When you conquer, if you have 4+ units at that battlefield, draw 2.', NULL, NULL, NULL, '{"promo"}', 'EN', 'Might of Demacia, Starter'),
  ('019d6d06-3485-71cd-bcef-9c7db6924832', '019cfc3b-038a-7e76-9ea8-f1feb5c9d837', '019cfc3b-0369-76e1-8643-5310ac59ac33', 'OGS-023', 'Rare', 'normal', FALSE, 'normal', 'Six More Vodka', 'OGS-023/024', '当你征服一处战场时，如果你在该战场上拥有不少于四名单位，则抽两张牌。', NULL, NULL, NULL, '{}', 'ZH', '德玛西亚之力, 入门'),
  ('019cfc3b-03d8-7361-9a9a-915783d54e1c', '019cfc3b-038a-7e76-9ea8-f1feb5c9d837', '019cfc3b-0369-76e1-8643-5310ac59ac33', 'OGS-023', 'Rare', 'normal', FALSE, 'normal', 'Six More Vodka', 'OGS-023/024', 'When you conquer, if you have 4+ units at that battlefield, draw 2.', NULL, NULL, NULL, '{}', 'EN', 'Might of Demacia, Starter'),
  ('019da5b3-83ab-7163-9b3e-8eb172acb01d', '019cfc3b-038a-7e76-9ea8-f1feb5c9d837', '019cfc3b-0369-76e1-8643-5310ac59ac33', 'OGS-023', 'Rare', 'normal', FALSE, 'metal', '-', 'OGS-023/024', 'When you conquer, if you have 4+ units at that battlefield, draw 2.', NULL, NULL, NULL, '{"promo"}', 'EN', 'Might of Demacia, Starter'),
  ('019d1c25-239d-7f37-aaea-9f4e485aa23d', '019cfc3b-038a-7e76-9ea8-f1feb5c9d837', '019cfc3b-0369-76e1-8643-5310ac59ac33', 'OGS-023', 'Rare', 'normal', FALSE, 'foil', 'Six More Vodka', 'OGS-023/024', 'When you conquer, if you have 4+ units at that battlefield, draw 2.', NULL, NULL, NULL, '{"promo"}', 'EN', 'Might of Demacia, Starter'),
  ('019d1c26-a105-7dbb-91c4-7219b21a7b25', '019cfc3b-038b-7140-a819-397e9b1eb94e', '019cfc3b-0369-76e1-8643-5310ac59ac33', 'OGS-024', 'Epic', 'normal', FALSE, 'foil', 'Kudos Productions', 'OGS-024/024', '[Action] _(Play on your turn or in showdowns.)_
Give friendly units +2 :rb_might: this turn.', NULL, NULL, NULL, '{"promo"}', 'EN', 'Decisive Strike'),
  ('019d6d06-37a3-7312-bb34-9c497b8b9d64', '019cfc3b-038b-7140-a819-397e9b1eb94e', '019cfc3b-0369-76e1-8643-5310ac59ac33', 'OGS-024', 'Epic', 'normal', FALSE, 'normal', 'Kudos Productions', 'OGS-024/024', '[迅捷]（可在你的回合或法术对决中打出。）
在本回合内，让所有友方单位:rb_might:+2。', NULL, NULL, NULL, '{}', 'ZH', '致命打击'),
  ('019cfc3b-03d8-7371-9e2d-f3aa5ad324a9', '019cfc3b-038b-7140-a819-397e9b1eb94e', '019cfc3b-0369-76e1-8643-5310ac59ac33', 'OGS-024', 'Epic', 'normal', FALSE, 'normal', 'Kudos Productions', 'OGS-024/024', '[Action] _(Play on your turn or in showdowns.)_
Give friendly units +2 :rb_might: this turn.', NULL, NULL, NULL, '{}', 'EN', 'Decisive Strike'),
  ('019cfded-5ed2-7f73-80a1-9cfea07679c8', '019cfc3b-0387-7b61-be7a-edfadddd1879', '019cfc3b-0369-78be-bd85-75cb9e46ad0c', 'SFD-R01', 'Common', 'normal', FALSE, 'normal', 'Greg Ghielmetti & Leah Chen', 'SFD-R01', NULL, NULL, NULL, NULL, '{}', 'EN', 'Fury Rune'),
  ('019d69a5-bdd0-7753-98b2-253827e5d3b5', '019cfc3b-0387-7b61-be7a-edfadddd1879', '019cfc3b-0369-78be-bd85-75cb9e46ad0c', 'SFD-R01', 'Common', 'normal', FALSE, 'normal', 'Greg Ghielmetti&Leah Chen', 'SFD-R01/221', NULL, NULL, NULL, NULL, '{}', 'ZH', '炽烈符文'),
  ('019cfdee-854c-7472-b74c-3a33a8485cea', '019cfc3b-0387-7b61-be7a-edfadddd1879', '019cfc3b-0369-78be-bd85-75cb9e46ad0c', 'SFD-R01a', 'Showcase', 'altart', FALSE, 'foil', 'Fairfoul', 'SFD-R01a', NULL, NULL, NULL, NULL, '{}', 'EN', 'Fury Rune'),
  ('019d69a5-8576-7b4d-9c18-7aa1f4451540', '019cfc3b-0387-7b61-be7a-edfadddd1879', '019cfc3b-0369-78be-bd85-75cb9e46ad0c', 'SFD-R01a', 'Showcase', 'altart', FALSE, 'foil', 'Fairfoul', 'SFD-R01a/221', NULL, NULL, NULL, NULL, '{}', 'ZH', '炽烈符文'),
  ('019cfdf0-6c9d-76f1-ab80-f96bc3670fb0', '019cfc3b-0387-7b61-be7a-edfadddd1879', '019cfc3b-0369-78be-bd85-75cb9e46ad0c', 'SFD-R01b', 'Showcase', 'altart', FALSE, 'foil', '华锐', 'SFD-R01b', NULL, NULL, NULL, NULL, '{"promo"}', 'EN', 'Fury Rune'),
  ('019d69a5-e53a-7e57-886d-a4524d3da4f8', '019cfc3b-0387-7b61-be7a-edfadddd1879', '019cfc3b-0369-78be-bd85-75cb9e46ad0c', 'SFD-R01b', 'Showcase', 'altart', FALSE, 'foil', '华锐', 'SFD-R01b/221', NULL, NULL, NULL, NULL, '{"promo"}', 'ZH', '炽烈符文'),
  ('019cfde9-e3e5-7af6-ad98-b9fcc2bfd125', '019cfc3b-0387-7b61-be7a-edfadddd1879', '019cfd6f-067b-768c-a586-b8f9547ad455', 'UNL-R01a', 'Showcase', 'altart', FALSE, 'foil', 'Envar Studio', 'UNL-R01a', NULL, NULL, NULL, NULL, '{}', 'EN', 'Fury Rune');

INSERT INTO printing_markers (printing_id, marker_id) VALUES
  ('019cfde8-86d5-734d-add4-3f4fc05c1173', '019d9291-2e4f-7c89-8453-6698bf27c415'),
  ('019cfdf0-6c9d-76f1-ab80-f96bc3670fb0', '019d9291-2e4f-7c89-8453-6698bf27c415'),
  ('019d17a1-2723-733a-a21e-4630e4370046', '019d9291-2e4f-7c89-8453-6698bf27c415'),
  ('019d17a6-13f6-74f3-bcaa-6974580b57db', '019d9291-2e4f-7c89-8453-6698bf27c415'),
  ('019d17ac-724a-732c-b83a-23cd257a74e5', '019d9291-2e4f-7c89-8453-6698bf27c415'),
  ('019d1be8-3681-73b5-bf13-078b7e3c9096', '019d9291-2e4f-7c89-8453-6698bf27c415'),
  ('019d1bee-0857-793a-b76b-50b6ead8ddbb', '019d9291-2e4f-7c89-8453-6698bf27c415'),
  ('019d1bf8-97d5-79ac-929e-286838af5508', '019d9291-2e4f-7c89-8453-6698bf27c415'),
  ('019d1bfd-da4c-73d9-b2c9-a6c628b23bdd', '019d9291-2e4f-7c89-8453-6698bf27c415'),
  ('019d1c00-e58f-73c9-a402-a822d45df1f9', '019d9291-2e4f-7c89-8453-6698bf27c415'),
  ('019d1c05-bf03-747d-be95-60ee1687b24b', '019d9291-2e4f-7c89-8453-6698bf27c415'),
  ('019d1c0b-64ab-7160-8bd6-36dfdffb1210', '019d9291-2e4f-7c89-8453-6698bf27c415'),
  ('019d1c0e-5395-709b-a44a-b9b9bc85907b', '019d9291-2e4f-7c89-8453-6698bf27c415'),
  ('019d1c11-4999-78e3-9980-2298b44d436d', '019d9291-2e4f-7c89-8453-6698bf27c415'),
  ('019d1c22-1887-706e-82aa-9a552138fde7', '019d9291-2e4f-7c89-8453-6698bf27c415'),
  ('019d1c23-7217-7141-8e0f-d21a9ed554f0', '019d9291-2e4f-7c89-8453-6698bf27c415'),
  ('019d1c25-239d-7f37-aaea-9f4e485aa23d', '019d9291-2e4f-7c89-8453-6698bf27c415'),
  ('019d1c26-a105-7dbb-91c4-7219b21a7b25', '019d9291-2e4f-7c89-8453-6698bf27c415'),
  ('019d69a4-f7b9-7222-bb93-cb745d47be9f', '019d9291-2e4f-7c89-8453-6698bf27c415'),
  ('019d69a5-e53a-7e57-886d-a4524d3da4f8', '019d9291-2e4f-7c89-8453-6698bf27c415'),
  ('019da2e8-4802-73ea-bf4a-08974766950d', '019d9291-2e4f-7c89-8453-6698bf27c415'),
  ('019da584-8b47-7dc9-83c1-544b4eb30967', '019d9291-2e4f-7c89-8453-6698bf27c415'),
  ('019da5ac-fbc9-714d-b6c2-3505305416d9', '019d9291-2e4f-7c89-8453-6698bf27c415'),
  ('019da5b2-2f7e-795a-8aab-fea24addf8d5', '019d9291-2e4f-7c89-8453-6698bf27c415'),
  ('019da5b2-4433-7a73-81a1-89be2c638768', '019d9291-2e4f-7c89-8453-6698bf27c415'),
  ('019da5b3-3452-77b1-944c-ad84ab919340', '019d9291-2e4f-7c89-8453-6698bf27c415'),
  ('019da5b3-49ad-7ccc-8d74-7e6b9210e55d', '019d9291-2e4f-7c89-8453-6698bf27c415'),
  ('019da5b3-83ab-7163-9b3e-8eb172acb01d', '019d9291-2e4f-7c89-8453-6698bf27c415'),
  ('019da5b3-9b8d-765f-9d8f-0e296034bd38', '019d9291-2e4f-7c89-8453-6698bf27c415');

INSERT INTO printing_distribution_channels (printing_id, channel_id, distribution_note) VALUES
  ('019cfde8-86d5-734d-add4-3f4fc05c1173', '019d92c3-399c-73d6-b4fe-6a11ed1f0a15', NULL),
  ('019cfdf0-6c9d-76f1-ab80-f96bc3670fb0', '019d8fd4-621c-737b-8228-dc1f963e6ac7', NULL),
  ('019cfdf0-6c9d-76f1-ab80-f96bc3670fb0', '019d92c3-e96f-7306-a173-f660bb0861da', NULL),
  ('019d17a1-2723-733a-a21e-4630e4370046', '019d8fd4-621c-737b-8228-dc1f963e6ac7', NULL),
  ('019d17a6-13f6-74f3-bcaa-6974580b57db', '019d8fd4-621c-737b-8228-dc1f963e6ac7', NULL),
  ('019d17ac-724a-732c-b83a-23cd257a74e5', '019d8fd4-621c-737b-8228-dc1f963e6ac7', NULL),
  ('019d1be8-3681-73b5-bf13-078b7e3c9096', '019d8fd4-621c-737b-8228-dc1f963e6ac7', NULL),
  ('019d1bee-0857-793a-b76b-50b6ead8ddbb', '019d8fd4-621c-737b-8228-dc1f963e6ac7', NULL),
  ('019d1bf8-97d5-79ac-929e-286838af5508', '019d8fd4-621c-737b-8228-dc1f963e6ac7', NULL),
  ('019d1bfd-da4c-73d9-b2c9-a6c628b23bdd', '019d8fd4-621c-737b-8228-dc1f963e6ac7', NULL),
  ('019d1c00-e58f-73c9-a402-a822d45df1f9', '019d8fd4-621c-737b-8228-dc1f963e6ac7', NULL),
  ('019d1c05-bf03-747d-be95-60ee1687b24b', '019d8fd4-621c-737b-8228-dc1f963e6ac7', NULL),
  ('019d1c0b-64ab-7160-8bd6-36dfdffb1210', '019d8fd4-621c-737b-8228-dc1f963e6ac7', NULL),
  ('019d1c0e-5395-709b-a44a-b9b9bc85907b', '019d8fd4-621c-737b-8228-dc1f963e6ac7', NULL),
  ('019d1c11-4999-78e3-9980-2298b44d436d', '019d8fd4-621c-737b-8228-dc1f963e6ac7', NULL),
  ('019d1c22-1887-706e-82aa-9a552138fde7', '019d8fd4-621c-737b-8228-dc1f963e6ac7', NULL),
  ('019d1c23-7217-7141-8e0f-d21a9ed554f0', '019d9b87-dfea-7e56-afd0-12afc7949408', NULL),
  ('019d1c25-239d-7f37-aaea-9f4e485aa23d', '019d8fd4-621c-737b-8228-dc1f963e6ac7', NULL),
  ('019d1c26-a105-7dbb-91c4-7219b21a7b25', '019d8fd4-621c-737b-8228-dc1f963e6ac7', NULL),
  ('019d69a4-f7b9-7222-bb93-cb745d47be9f', '019d92c3-399c-73d6-b4fe-6a11ed1f0a15', NULL),
  ('019d69a5-e53a-7e57-886d-a4524d3da4f8', '019d8fd4-621c-737b-8228-dc1f963e6ac7', NULL),
  ('019d69a5-e53a-7e57-886d-a4524d3da4f8', '019d92c3-e96f-7306-a173-f660bb0861da', NULL),
  ('019da584-8b47-7dc9-83c1-544b4eb30967', '019da5a8-df8c-7939-ab1d-f6776b1baade', NULL),
  ('019da584-8b47-7dc9-83c1-544b4eb30967', '019da5a7-cf52-726f-961c-8325a9a9c4db', NULL),
  ('019da584-8b47-7dc9-83c1-544b4eb30967', '019da5a7-5b8b-7753-937c-1bfbd131f7b4', NULL),
  ('019da584-8b47-7dc9-83c1-544b4eb30967', '019da5a8-689c-7ff4-8905-6d63bc28759a', NULL),
  ('019da584-8b47-7dc9-83c1-544b4eb30967', '019da5a8-a43a-7fd3-9573-944899f87680', NULL),
  ('019da5ac-fbc9-714d-b6c2-3505305416d9', '019da5af-26fc-7241-9ce8-95ecadd42e15', NULL),
  ('019da5ac-fbc9-714d-b6c2-3505305416d9', '019da5ae-6558-7f61-9798-f349c725fbca', NULL),
  ('019da5ac-fbc9-714d-b6c2-3505305416d9', '019da5ae-3562-78c9-8d2f-1612065152e0', NULL),
  ('019da5ac-fbc9-714d-b6c2-3505305416d9', '019da5ae-9dd1-7554-9b3f-dd210bf0cf74', NULL),
  ('019da5ac-fbc9-714d-b6c2-3505305416d9', '019da5ae-e226-77a9-ae91-7a46cb07a622', NULL),
  ('019da5b2-2f7e-795a-8aab-fea24addf8d5', '019da5a8-df8c-7939-ab1d-f6776b1baade', NULL),
  ('019da5b2-2f7e-795a-8aab-fea24addf8d5', '019da5a7-cf52-726f-961c-8325a9a9c4db', NULL),
  ('019da5b2-2f7e-795a-8aab-fea24addf8d5', '019da5a7-5b8b-7753-937c-1bfbd131f7b4', NULL),
  ('019da5b2-2f7e-795a-8aab-fea24addf8d5', '019da5a8-689c-7ff4-8905-6d63bc28759a', NULL),
  ('019da5b2-2f7e-795a-8aab-fea24addf8d5', '019da5a8-a43a-7fd3-9573-944899f87680', NULL),
  ('019da5b2-4433-7a73-81a1-89be2c638768', '019da5af-26fc-7241-9ce8-95ecadd42e15', NULL),
  ('019da5b2-4433-7a73-81a1-89be2c638768', '019da5ae-6558-7f61-9798-f349c725fbca', NULL),
  ('019da5b2-4433-7a73-81a1-89be2c638768', '019da5ae-3562-78c9-8d2f-1612065152e0', NULL),
  ('019da5b2-4433-7a73-81a1-89be2c638768', '019da5ae-9dd1-7554-9b3f-dd210bf0cf74', NULL),
  ('019da5b2-4433-7a73-81a1-89be2c638768', '019da5ae-e226-77a9-ae91-7a46cb07a622', NULL),
  ('019da5b3-3452-77b1-944c-ad84ab919340', '019da5a8-df8c-7939-ab1d-f6776b1baade', NULL),
  ('019da5b3-3452-77b1-944c-ad84ab919340', '019da5a7-cf52-726f-961c-8325a9a9c4db', NULL),
  ('019da5b3-3452-77b1-944c-ad84ab919340', '019da5a7-5b8b-7753-937c-1bfbd131f7b4', NULL),
  ('019da5b3-3452-77b1-944c-ad84ab919340', '019da5a8-689c-7ff4-8905-6d63bc28759a', NULL),
  ('019da5b3-3452-77b1-944c-ad84ab919340', '019da5a8-a43a-7fd3-9573-944899f87680', NULL),
  ('019da5b3-49ad-7ccc-8d74-7e6b9210e55d', '019da5af-26fc-7241-9ce8-95ecadd42e15', NULL),
  ('019da5b3-49ad-7ccc-8d74-7e6b9210e55d', '019da5ae-6558-7f61-9798-f349c725fbca', NULL),
  ('019da5b3-49ad-7ccc-8d74-7e6b9210e55d', '019da5ae-3562-78c9-8d2f-1612065152e0', NULL),
  ('019da5b3-49ad-7ccc-8d74-7e6b9210e55d', '019da5ae-9dd1-7554-9b3f-dd210bf0cf74', NULL),
  ('019da5b3-49ad-7ccc-8d74-7e6b9210e55d', '019da5ae-e226-77a9-ae91-7a46cb07a622', NULL),
  ('019da5b3-83ab-7163-9b3e-8eb172acb01d', '019da5a8-df8c-7939-ab1d-f6776b1baade', NULL),
  ('019da5b3-83ab-7163-9b3e-8eb172acb01d', '019da5a7-cf52-726f-961c-8325a9a9c4db', NULL),
  ('019da5b3-83ab-7163-9b3e-8eb172acb01d', '019da5a7-5b8b-7753-937c-1bfbd131f7b4', NULL),
  ('019da5b3-83ab-7163-9b3e-8eb172acb01d', '019da5a8-689c-7ff4-8905-6d63bc28759a', NULL),
  ('019da5b3-83ab-7163-9b3e-8eb172acb01d', '019da5a8-a43a-7fd3-9573-944899f87680', NULL),
  ('019da5b3-9b8d-765f-9d8f-0e296034bd38', '019da5af-26fc-7241-9ce8-95ecadd42e15', NULL),
  ('019da5b3-9b8d-765f-9d8f-0e296034bd38', '019da5ae-6558-7f61-9798-f349c725fbca', NULL),
  ('019da5b3-9b8d-765f-9d8f-0e296034bd38', '019da5ae-3562-78c9-8d2f-1612065152e0', NULL),
  ('019da5b3-9b8d-765f-9d8f-0e296034bd38', '019da5ae-9dd1-7554-9b3f-dd210bf0cf74', NULL),
  ('019da5b3-9b8d-765f-9d8f-0e296034bd38', '019da5ae-e226-77a9-ae91-7a46cb07a622', NULL);

INSERT INTO image_files (id, original_url, rehosted_url, rotation) VALUES
  ('019cfdeb-9062-7800-a4ec-768210ad8caf', 'https://cdn.piltoverarchive.com/cards/OGN-007b.webp', '/media/cards/af/019cfdeb-9062-7800-a4ec-768210ad8caf', 0),
  ('019cfdee-0385-7811-85f9-4d51966347a4', 'https://piltoverarchive.b-cdn.net/temporary/1772489366582-j850d8b51vc.png', '/media/cards/a4/019cfdee-0385-7811-85f9-4d51966347a4', 0),
  ('019d1be8-ad21-7f32-8087-53b4dd439a26', 'https://product-images.s3.cardmarket.com/1655/OGNX/874123/874123.jpg', '/media/cards/26/019d1be8-ad21-7f32-8087-53b4dd439a26', 0),
  ('019d1c08-874d-7b9d-a5ee-44ba310478e1', 'https://www.cardtrader.com/uploads/blueprints/image/344430/dark-child-starter-origins-proving-grounds.jpg', '/media/cards/e1/019d1c08-874d-7b9d-a5ee-44ba310478e1', 0),
  ('019d20c0-f11b-7f6d-8b2e-44fc2e2340db', 'https://www.cardtrader.com/uploads/blueprints/image/375019/annie-fiery-spiritforged-nexus-night-promo-nexus-night-promos.jpg', '/media/cards/db/019d20c0-f11b-7f6d-8b2e-44fc2e2340db', 0),
  ('019d20c1-5df2-76f9-9b28-b5c0f0046d11', 'https://www.cardtrader.com/uploads/blueprints/image/375034/master-yi-medative-spiritforged-nexus-night-promo-nexus-night-promos.jpg', '/media/cards/11/019d20c1-5df2-76f9-9b28-b5c0f0046d11', 0),
  ('019d20c2-635c-77bc-9541-f0eb363a7410', 'https://www.cardtrader.com/uploads/blueprints/image/375040/garen-rugged-spiritforged-nexus-night-promo-nexus-night-promos.jpg', '/media/cards/10/019d20c2-635c-77bc-9541-f0eb363a7410', 0),
  ('019d20c2-92c1-7787-b66f-84bdb2dbbf5b', 'https://www.cardtrader.com/uploads/blueprints/image/375042/master-yi-honed-spiritforged-nexus-night-promo-nexus-night-promos.jpg', '/media/cards/5b/019d20c2-92c1-7787-b66f-84bdb2dbbf5b', 0),
  ('019d20c2-c9c9-7f30-af37-a582a05ea8c5', 'https://www.cardtrader.com/uploads/blueprints/image/375020/annie-stubborn-spiritforged-nexus-night-promo-nexus-night-promos.jpg', '/media/cards/c5/019d20c2-c9c9-7f30-af37-a582a05ea8c5', 0),
  ('019d20c3-145f-755c-9440-8189b2e80446', 'https://www.cardtrader.com/uploads/blueprints/image/375051/garen-commander-spiritforged-nexus-night-promo-nexus-night-promos.jpg', '/media/cards/46/019d20c3-145f-755c-9440-8189b2e80446', 0),
  ('019d20c3-4219-746c-9ae8-170b90dcba18', 'https://www.cardtrader.com/uploads/blueprints/image/375050/lux-crownguard-spiritforged-nexus-night-promo-nexus-night-promos.jpg', '/media/cards/18/019d20c3-4219-746c-9ae8-170b90dcba18', 0),
  ('019d20c3-eefd-753e-ab6c-1405e9f1ec89', 'https://www.cardtrader.com/uploads/blueprints/image/375021/annie-dark-child-spiritforged-nexus-night-promo-nexus-night-promos.jpg', '/media/cards/89/019d20c3-eefd-753e-ab6c-1405e9f1ec89', 0),
  ('019d20c4-1927-787f-9d9a-683adbf8b1db', 'https://www.cardtrader.com/uploads/blueprints/image/375022/tibbers-spiritforged-nexus-night-promo-nexus-night-promos.jpg', '/media/cards/db/019d20c4-1927-787f-9d9a-683adbf8b1db', 0),
  ('019d20c4-6769-7509-b5ac-4ec19f10b08c', 'https://www.cardtrader.com/uploads/blueprints/image/375023/master-yi-wuju-bladesman-spiritforged-nexus-night-promo-nexus-night-promos.jpg', '/media/cards/8c/019d20c4-6769-7509-b5ac-4ec19f10b08c', 0),
  ('019d20c4-93fa-76a7-be9d-573ed8c694db', 'https://www.cardtrader.com/uploads/blueprints/image/375024/highlander-spiritforged-nexus-night-promo-nexus-night-promos.jpg', '/media/cards/db/019d20c4-93fa-76a7-be9d-573ed8c694db', 0),
  ('019d20c4-d499-725c-9fc0-484db4a1124d', 'https://www.cardtrader.com/uploads/blueprints/image/375025/lux-lady-of-luminosity-spiritforged-nexus-night-promo-nexus-night-promos.jpg', '/media/cards/4d/019d20c4-d499-725c-9fc0-484db4a1124d', 0),
  ('019d20c4-fd5f-7dfb-9cae-287c6a376304', 'https://www.cardtrader.com/uploads/blueprints/image/375026/final-spark-spiritforged-nexus-night-promo-nexus-night-promos.jpg', '/media/cards/04/019d20c4-fd5f-7dfb-9cae-287c6a376304', 0),
  ('019d20c5-3b74-751b-9902-d7add6bb59a1', 'https://www.cardtrader.com/uploads/blueprints/image/375027/garen-might-of-demacia-spiritforged-nexus-night-promo-nexus-night-promos.jpg', '/media/cards/a1/019d20c5-3b74-751b-9902-d7add6bb59a1', 0),
  ('019d20c5-920c-7501-a571-f2adf5281832', 'https://www.cardtrader.com/uploads/blueprints/image/375028/decisive-strike-spiritforged-nexus-night-promo-nexus-night-promos.jpg', '/media/cards/32/019d20c5-920c-7501-a571-f2adf5281832', 0),
  ('019d69a4-8bfe-7087-86d9-11e6f8547ae7', 'https://cdn.playloltcg.com/lol/card/20250731/8bcfa24f535b4093a12526d5bdb82b5e.png', '/media/cards/e7/019d69a4-8bfe-7087-86d9-11e6f8547ae7', 0),
  ('019d69a5-01fb-7e23-8b13-274c2283d333', 'https://cdn.playloltcg.com/lol/card/20250829/7dda81d378cd4a13866952096d40075f.png', '/media/cards/33/019d69a5-01fb-7e23-8b13-274c2283d333', 0),
  ('019d69a5-34b2-7280-9706-5286e199ac41', 'https://cdn.playloltcg.com/lol/card/20250731/9c353ec9e607479587696f6714603f2f.png', '/media/cards/41/019d69a5-34b2-7280-9706-5286e199ac41', 0),
  ('019d69a5-9c6e-7990-a460-dff6e0ca4ca4', 'https://cdn.playloltcg.com/lol/card/20251217/399756b931284213a42dff219fd28a7f.png', '/media/cards/a4/019d69a5-9c6e-7990-a460-dff6e0ca4ca4', 0),
  ('019d69a5-c873-7aaa-9c2e-54aa2c3b93b0', 'https://cdn.playloltcg.com/lol/card/20251217/c202802b05a24480ac5582622e3955a3.png', '/media/cards/b0/019d69a5-c873-7aaa-9c2e-54aa2c3b93b0', 0),
  ('019d69a5-efd4-76bc-866a-25e442273662', 'https://cdn.playloltcg.com/lol/card/20251225/545785ffb3e54dff96a78cf54f024432.png', '/media/cards/62/019d69a5-efd4-76bc-866a-25e442273662', 0),
  ('019d6d05-931f-721e-8038-db4a078c27e8', 'https://cdn.playloltcg.com/lol/card/20250731/fb17a832925e4a6ab6aa063bbe94d581.png', '/media/cards/e8/019d6d05-931f-721e-8038-db4a078c27e8', 0),
  ('019d6d05-9947-742c-b01d-cad0c7018b84', 'https://cdn.playloltcg.com/lol/card/20250731/a929826226134cc2b2f0ca258e9fca19.png', '/media/cards/84/019d6d05-9947-742c-b01d-cad0c7018b84', 0),
  ('019d6d05-9a7e-775c-8f1e-4403df1951cc', 'https://cdn.playloltcg.com/lol/card/20250731/28ef5461b60d4a569b13a763e66076ed.png', '/media/cards/cc/019d6d05-9a7e-775c-8f1e-4403df1951cc', 0),
  ('019d6d05-a775-7452-8e04-45b7f429d40a', 'https://cdn.playloltcg.com/lol/card/20250731/10d8a2ccf9ec4d1ca4fe561b1f186428.png', '/media/cards/0a/019d6d05-a775-7452-8e04-45b7f429d40a', 0),
  ('019d6d05-aaab-7c8b-ad5f-fc115adfed4c', 'https://cdn.playloltcg.com/lol/card/20250731/aff96d682f2743d08a96472d296d3e09.png', '/media/cards/4c/019d6d05-aaab-7c8b-ad5f-fc115adfed4c', 0),
  ('019d6d05-b0b6-748f-b425-39e7eb8bbbfa', 'https://cdn.playloltcg.com/lol/card/20250731/7712adb1035c413faa35f28c5c38fbfb.png', '/media/cards/fa/019d6d05-b0b6-748f-b425-39e7eb8bbbfa', 0),
  ('019d6d05-b66a-7de3-87f0-3d41a4ca347f', 'https://cdn.playloltcg.com/lol/card/20250731/00b94e5e01294130a3755d5e4ebeaba4.png', '/media/cards/7f/019d6d05-b66a-7de3-87f0-3d41a4ca347f', 0),
  ('019d6d05-b9af-7d7c-85fc-d0fab99b3612', 'https://cdn.playloltcg.com/lol/card/20250731/8c29b2cce6be4548b09e867df9bbda43.png', '/media/cards/12/019d6d05-b9af-7d7c-85fc-d0fab99b3612', 0),
  ('019d6d05-c14d-76ae-951c-d2f037b2f97f', 'https://cdn.playloltcg.com/lol/card/20250731/79cb337805da45aea83e84982e2802e1.png', '/media/cards/7f/019d6d05-c14d-76ae-951c-d2f037b2f97f', 0),
  ('019d6d05-c845-7de4-bbc7-edaa17b2fbca', 'https://cdn.playloltcg.com/lol/card/20250731/e826e37c3f2f4d25891717483eb08113.png', '/media/cards/ca/019d6d05-c845-7de4-bbc7-edaa17b2fbca', 0),
  ('019d6d05-d8f6-7586-a393-0ad31059d2be', 'https://cdn.playloltcg.com/lol/card/20250731/d16981dcbd884d3b89c2a259725a491f.png', '/media/cards/be/019d6d05-d8f6-7586-a393-0ad31059d2be', 0),
  ('019d6d05-d9f8-71b7-a98a-6f2c78757719', 'https://cdn.playloltcg.com/lol/card/20250731/4c7fff3a64b34999881df2a3d19f0ca0.png', '/media/cards/19/019d6d05-d9f8-71b7-a98a-6f2c78757719', 0),
  ('019d6d05-e5ee-7b32-b2dd-f0fb368562ce', 'https://cdn.playloltcg.com/lol/card/20250731/a9bb9ade0fc94e53a17ae052fd922615.png', '/media/cards/ce/019d6d05-e5ee-7b32-b2dd-f0fb368562ce', 0),
  ('019d6d05-f9c7-7bae-b42f-2a11d7012ecc', 'https://cdn.playloltcg.com/lol/card/20250731/dfbea90b57b043f4930863fdf21874d0.png', '/media/cards/cc/019d6d05-f9c7-7bae-b42f-2a11d7012ecc', 0),
  ('019d6d05-feed-74e0-ac0d-8f7481067c47', 'https://cdn.playloltcg.com/lol/card/20250731/3ed3308a305447d382ff77d06021a635.png', '/media/cards/47/019d6d05-feed-74e0-ac0d-8f7481067c47', 0),
  ('019d6d06-03a7-7715-a71d-80e04647dac1', 'https://cdn.playloltcg.com/lol/card/20250731/7b24b03a046d4f48a4e014c30d601257.png', '/media/cards/c1/019d6d06-03a7-7715-a71d-80e04647dac1', 0),
  ('019d6d06-1093-760b-b41f-d750ecde9e1d', 'https://cdn.playloltcg.com/lol/card/20250731/04f1261faf7741e8abde6a96d2db8f69.png', '/media/cards/1d/019d6d06-1093-760b-b41f-d750ecde9e1d', 0),
  ('019d6d06-1de1-7b72-9361-d50150c5b846', 'https://cdn.playloltcg.com/lol/card/20250731/fc1238b1e6da4dcebc024d6dca76ee38.png', '/media/cards/46/019d6d06-1de1-7b72-9361-d50150c5b846', 0),
  ('019d6d06-2168-7f76-87e0-e98b9207b642', 'https://cdn.playloltcg.com/lol/card/20250731/0c7f618b2a6a4522b1953a16c4c0a8d1.png', '/media/cards/42/019d6d06-2168-7f76-87e0-e98b9207b642', 0),
  ('019d6d06-2223-77ed-9c04-48f87fc6287d', 'https://cdn.playloltcg.com/lol/card/20250731/25330aaee06b44cfb35b45404422aab8.png', '/media/cards/7d/019d6d06-2223-77ed-9c04-48f87fc6287d', 0),
  ('019d6d06-3083-73e3-afac-c22fbdfa2f9b', 'https://cdn.playloltcg.com/lol/card/20250731/43e6206fc8b74cb5821c7fd8fbe40ec3.png', '/media/cards/9b/019d6d06-3083-73e3-afac-c22fbdfa2f9b', 0),
  ('019d6d06-31d8-77d8-9712-2692f13b3a85', 'https://cdn.playloltcg.com/lol/card/20250731/b1ff99bcd0314dd68f42e0d9417a7713.png', '/media/cards/85/019d6d06-31d8-77d8-9712-2692f13b3a85', 0),
  ('019d6d06-3492-7e51-b1fd-59619b316a84', 'https://cdn.playloltcg.com/lol/card/20250731/d78d0ea699284be892886bcfc111e2c9.png', '/media/cards/84/019d6d06-3492-7e51-b1fd-59619b316a84', 0),
  ('019d6d06-37b8-71dd-8f68-b30f9444e05b', 'https://cdn.playloltcg.com/lol/card/20250731/f28cb924915742b2a1b49873935e664b.png', '/media/cards/5b/019d6d06-37b8-71dd-8f68-b30f9444e05b', 0),
  ('019da0d6-1800-7984-9a73-c1270a0ec001', 'https://cardsbeyond.com/cdn/shop/files/FuryRune_SFD-R01b.jpg', '/media/cards/01/019da0d6-1800-7984-9a73-c1270a0ec001', 0),
  ('019da0d6-2409-7635-abf1-9c7973565e34', 'https://cardsbeyond.com/cdn/shop/files/FuryRune_SFD-R01a.jpg', '/media/cards/34/019da0d6-2409-7635-abf1-9c7973565e34', 0),
  ('019da0d6-5968-7568-9b29-25a7902a4995', 'https://cardsbeyond.com/cdn/shop/files/FuryRune_SFD-R01.jpg', '/media/cards/95/019da0d6-5968-7568-9b29-25a7902a4995', 0),
  ('019da2e8-4822-7db4-b13e-0fe339b2c5c0', 'https://cmsassets.rgpub.io/sanity/images/dsfx7636/news_live/e647ac8bd9ce0d49b8b8056decc6ca285f4c9e00-1920x1080.jpg', '/media/cards/c0/019da2e8-4822-7db4-b13e-0fe339b2c5c0', 0),
  ('03678a34-c684-4954-a811-e8462ab2a281', 'https://cmsassets.rgpub.io/sanity/images/dsfx7636/game_data_live/532d75dc36a16eb5954253a77366fcceac7aec62-744x1039.png', '/media/cards/81/03678a34-c684-4954-a811-e8462ab2a281', 0),
  ('0501a7a7-5d11-4513-8ac2-0fecd9f4a205', 'https://cmsassets.rgpub.io/sanity/images/dsfx7636/game_data_live/0e16976cd6d7ee5a874be9351b428671990fbd25-744x1039.png', '/media/cards/05/0501a7a7-5d11-4513-8ac2-0fecd9f4a205', 0),
  ('27e5cc73-c79a-4ae6-9464-4a37b7f3a802', 'https://cmsassets.rgpub.io/sanity/images/dsfx7636/game_data_live/986782271be078c184a8d1c196e375106459c6c5-744x1039.png', '/media/cards/02/27e5cc73-c79a-4ae6-9464-4a37b7f3a802', 0),
  ('43e0d3db-218a-4db4-a6d0-c497631888e1', 'https://cmsassets.rgpub.io/sanity/images/dsfx7636/game_data_live/4558a2dc1bb1f1b8a73ec0d82244654e84b12687-744x1039.png', '/media/cards/e1/43e0d3db-218a-4db4-a6d0-c497631888e1', 0),
  ('48bf20fa-b0c7-40fb-85e8-75577b008025', 'https://cmsassets.rgpub.io/sanity/images/dsfx7636/game_data_live/09da06c69d07d4e72dde703737ef167472c715af-1488x2078.png', '/media/cards/25/48bf20fa-b0c7-40fb-85e8-75577b008025', 0),
  ('48d995d4-9571-4a55-b1e7-11eff002e83d', 'https://cmsassets.rgpub.io/sanity/images/dsfx7636/game_data_live/8231ced23eaf22ca3bf62ec8cb86b83a3e222da6-744x1039.png', '/media/cards/3d/48d995d4-9571-4a55-b1e7-11eff002e83d', 0),
  ('523622e5-e4e7-4c35-86eb-531b43e1761c', 'https://cmsassets.rgpub.io/sanity/images/dsfx7636/game_data_live/44885d811b70621b188d9813b2b10b5cff1b81e6-744x1039.png', '/media/cards/1c/523622e5-e4e7-4c35-86eb-531b43e1761c', 0),
  ('5b0d0ef9-e234-4f78-92d5-93348fbb82e0', 'https://cmsassets.rgpub.io/sanity/images/dsfx7636/game_data_live/026f851a703601fce4142c0791e913377c170b47-744x1039.png', '/media/cards/e0/5b0d0ef9-e234-4f78-92d5-93348fbb82e0', 0),
  ('5f478373-1eef-4684-bbe2-ba93fc4d0769', 'https://cmsassets.rgpub.io/sanity/images/dsfx7636/game_data_live/e7185deb46f17770802d06aeddfe3b929afff880-744x1039.png', '/media/cards/69/5f478373-1eef-4684-bbe2-ba93fc4d0769', 0),
  ('6063d6e9-d982-45c6-9a67-648f36a4cde1', 'https://cmsassets.rgpub.io/sanity/images/dsfx7636/game_data_live/7664b03bb107954195153d9f2f86c5d63682fa4b-744x1039.png', '/media/cards/e1/6063d6e9-d982-45c6-9a67-648f36a4cde1', 0),
  ('64cf5e1a-c1c4-47f7-bafe-3590a7efef03', 'https://cmsassets.rgpub.io/sanity/images/dsfx7636/game_data_live/17d0793ad495727e67bb1c94ae0e11cd4705870f-744x1039.png', '/media/cards/03/64cf5e1a-c1c4-47f7-bafe-3590a7efef03', 0),
  ('767b5069-1c75-460d-b816-1ed1302cece3', 'https://cmsassets.rgpub.io/sanity/images/dsfx7636/game_data_live/46e4eaada1412f9b6c24751bdb3932c6a51e905f-744x1039.png', '/media/cards/e3/767b5069-1c75-460d-b816-1ed1302cece3', 0),
  ('76e324f1-c984-4bb8-b2b9-3ef90fe4ec1b', 'https://cmsassets.rgpub.io/sanity/images/dsfx7636/game_data_live/4568ab827fdcd42d6bb86b1c2de6182e286c9ee9-744x1039.png', '/media/cards/1b/76e324f1-c984-4bb8-b2b9-3ef90fe4ec1b', 0),
  ('7a80cb4d-8bd8-44cc-a814-9189ba0b51ff', 'https://cmsassets.rgpub.io/sanity/images/dsfx7636/game_data_live/81d1c47459606f7b627778cce9b5f0e44d80f7fa-744x1039.png', '/media/cards/ff/7a80cb4d-8bd8-44cc-a814-9189ba0b51ff', 0),
  ('852d5d3e-90f8-46f6-a332-6298b87db544', 'https://cmsassets.rgpub.io/sanity/images/dsfx7636/game_data_live/89963e1d1cffd69c620fb5d6b037f50d5c334463-744x1039.png', '/media/cards/44/852d5d3e-90f8-46f6-a332-6298b87db544', 0),
  ('8afe395c-becd-4399-b8dd-412860946970', 'https://cmsassets.rgpub.io/sanity/images/dsfx7636/game_data_live/74f8bc78573b33d9979b0e9c121b858d770a490c-744x1039.png', '/media/cards/70/8afe395c-becd-4399-b8dd-412860946970', 0),
  ('8db6f057-8078-4465-a178-d36b45fdec77', 'https://cmsassets.rgpub.io/sanity/images/dsfx7636/game_data_live/67c22dc29a7a28dabe0f169a7848c25bef1fbda4-744x1039.png', '/media/cards/77/8db6f057-8078-4465-a178-d36b45fdec77', 0),
  ('915e489c-c65d-4f87-8061-720f442dcc9f', 'https://cmsassets.rgpub.io/sanity/images/dsfx7636/game_data_live/44eb968cf0c54e75970588b69eef5c5f5ccc9b24-744x1039.png', '/media/cards/9f/915e489c-c65d-4f87-8061-720f442dcc9f', 0),
  ('a9b41b02-d7b8-4af6-ae50-0b61b0f79ff7', 'https://cmsassets.rgpub.io/sanity/images/dsfx7636/game_data_live/5508566c8f05f09492148faa803332a731095eb7-744x1039.png', '/media/cards/f7/a9b41b02-d7b8-4af6-ae50-0b61b0f79ff7', 0),
  ('aac9b213-1211-4120-b312-f2cb1bd7dffe', 'https://cmsassets.rgpub.io/sanity/images/dsfx7636/game_data_live/12bcd0cde5d9ff4640e82945001e9fef863530f1-744x1039.png', '/media/cards/fe/aac9b213-1211-4120-b312-f2cb1bd7dffe', 0),
  ('b3af515c-2f8b-4dcf-a419-98a70d3db123', 'https://cmsassets.rgpub.io/sanity/images/dsfx7636/game_data_live/a0d10edf30abb6fde21f5d386e9a7db3c1b0a098-744x1039.png', '/media/cards/23/b3af515c-2f8b-4dcf-a419-98a70d3db123', 0),
  ('d444db56-7c98-4b6c-82e2-198a2e2dd833', 'https://cmsassets.rgpub.io/sanity/images/dsfx7636/game_data_live/4d9cc1c13b75933e509e642213f13359350cd3f9-744x1039.png', '/media/cards/33/d444db56-7c98-4b6c-82e2-198a2e2dd833', 0),
  ('de3ab4bc-ac47-4d64-bfa9-12d9ea5e6d47', 'https://cmsassets.rgpub.io/sanity/images/dsfx7636/game_data_live/cbf2c12d69a86566e4cda07050b2d4495e40187e-744x1039.png', '/media/cards/47/de3ab4bc-ac47-4d64-bfa9-12d9ea5e6d47', 0),
  ('e201b4df-2127-4952-a019-8c68a3ee73a0', 'https://cmsassets.rgpub.io/sanity/images/dsfx7636/game_data_live/a7a34129e64f0296bf2da166c2b06ed156d568db-744x1039.png', '/media/cards/a0/e201b4df-2127-4952-a019-8c68a3ee73a0', 0),
  ('e209d9f7-3bca-43b9-9238-04dd00930654', 'https://cmsassets.rgpub.io/sanity/images/dsfx7636/game_data_live/4ce467c1d51a65ab4fbae918dca38ae90b510844-744x1039.png', '/media/cards/54/e209d9f7-3bca-43b9-9238-04dd00930654', 0),
  ('e426117c-6a4c-4536-ba09-6a4ffc5f48d8', 'https://cmsassets.rgpub.io/sanity/images/dsfx7636/game_data_live/18c0818cbbfdf26a1237b4f7703b1f035f47b014-744x1039.png', '/media/cards/d8/e426117c-6a4c-4536-ba09-6a4ffc5f48d8', 0);

INSERT INTO printing_images (id, printing_id, image_file_id, face, provider, is_active) VALUES
  ('48bf20fa-b0c7-40fb-85e8-75577b008025', '019cfc3b-03d1-7eb9-b5d5-588deb7bd4a7', '48bf20fa-b0c7-40fb-85e8-75577b008025', 'front', 'gallery', TRUE),
  ('aac9b213-1211-4120-b312-f2cb1bd7dffe', '019cfc3b-03d2-75a9-b281-305c0ec46c9c', 'aac9b213-1211-4120-b312-f2cb1bd7dffe', 'front', 'gallery', TRUE),
  ('e201b4df-2127-4952-a019-8c68a3ee73a0', '019cfc3b-03d5-768e-91cf-8ac59b20fb0e', 'e201b4df-2127-4952-a019-8c68a3ee73a0', 'front', 'gallery', TRUE),
  ('03678a34-c684-4954-a811-e8462ab2a281', '019cfc3b-03d6-74cf-adec-1dce41f631eb', '03678a34-c684-4954-a811-e8462ab2a281', 'front', 'gallery', TRUE),
  ('767b5069-1c75-460d-b816-1ed1302cece3', '019cfc3b-03d6-74e0-bdbe-4aca898a0bbd', '767b5069-1c75-460d-b816-1ed1302cece3', 'front', 'gallery', TRUE),
  ('a9b41b02-d7b8-4af6-ae50-0b61b0f79ff7', '019cfc3b-03d6-74f2-bcff-7bd89d0061f5', 'a9b41b02-d7b8-4af6-ae50-0b61b0f79ff7', 'front', 'gallery', TRUE),
  ('6063d6e9-d982-45c6-9a67-648f36a4cde1', '019cfc3b-03d6-7502-b5c1-a9e422f91ac7', '6063d6e9-d982-45c6-9a67-648f36a4cde1', 'front', 'gallery', TRUE),
  ('b3af515c-2f8b-4dcf-a419-98a70d3db123', '019cfc3b-03d6-7514-9347-be4597ff1eee', 'b3af515c-2f8b-4dcf-a419-98a70d3db123', 'front', 'gallery', TRUE),
  ('8db6f057-8078-4465-a178-d36b45fdec77', '019cfc3b-03d6-752a-adc5-19033009d65d', '8db6f057-8078-4465-a178-d36b45fdec77', 'front', 'gallery', TRUE),
  ('76e324f1-c984-4bb8-b2b9-3ef90fe4ec1b', '019cfc3b-03d6-753c-9ec3-7cf48219b1e8', '76e324f1-c984-4bb8-b2b9-3ef90fe4ec1b', 'front', 'gallery', TRUE),
  ('0501a7a7-5d11-4513-8ac2-0fecd9f4a205', '019cfc3b-03d6-754e-a4de-ca223b302965', '0501a7a7-5d11-4513-8ac2-0fecd9f4a205', 'front', 'gallery', TRUE),
  ('915e489c-c65d-4f87-8061-720f442dcc9f', '019cfc3b-03d6-755e-8d42-32464c0bf236', '915e489c-c65d-4f87-8061-720f442dcc9f', 'front', 'gallery', TRUE),
  ('d444db56-7c98-4b6c-82e2-198a2e2dd833', '019cfc3b-03d6-7570-ac57-ad240fe24183', 'd444db56-7c98-4b6c-82e2-198a2e2dd833', 'front', 'gallery', TRUE),
  ('5b0d0ef9-e234-4f78-92d5-93348fbb82e0', '019cfc3b-03d6-7581-bf1d-f627860d73b0', '5b0d0ef9-e234-4f78-92d5-93348fbb82e0', 'front', 'gallery', TRUE),
  ('de3ab4bc-ac47-4d64-bfa9-12d9ea5e6d47', '019cfc3b-03d6-7592-be7d-af8b5a85a818', 'de3ab4bc-ac47-4d64-bfa9-12d9ea5e6d47', 'front', 'gallery', TRUE),
  ('64cf5e1a-c1c4-47f7-bafe-3590a7efef03', '019cfc3b-03d6-75a3-90b8-c82d7afdc00a', '64cf5e1a-c1c4-47f7-bafe-3590a7efef03', 'front', 'gallery', TRUE),
  ('7a80cb4d-8bd8-44cc-a814-9189ba0b51ff', '019cfc3b-03d6-75d8-a0f7-c6fd8a35c6f9', '7a80cb4d-8bd8-44cc-a814-9189ba0b51ff', 'front', 'gallery', TRUE),
  ('e209d9f7-3bca-43b9-9238-04dd00930654', '019cfc3b-03d6-75ee-922c-1e736369b5d4', 'e209d9f7-3bca-43b9-9238-04dd00930654', 'front', 'gallery', TRUE),
  ('852d5d3e-90f8-46f6-a332-6298b87db544', '019cfc3b-03d6-7600-9bd2-f43441e40ace', '852d5d3e-90f8-46f6-a332-6298b87db544', 'front', 'gallery', TRUE),
  ('019d1c08-874d-7b9d-a5ee-44ba310478e1', '019cfc3b-03d6-7600-9bd2-f43441e40ace', '019d1c08-874d-7b9d-a5ee-44ba310478e1', 'front', 'cardtrader-api', FALSE),
  ('8afe395c-becd-4399-b8dd-412860946970', '019cfc3b-03d8-7309-9eae-0ba9ba5967f3', '8afe395c-becd-4399-b8dd-412860946970', 'front', 'gallery', TRUE),
  ('48d995d4-9571-4a55-b1e7-11eff002e83d', '019cfc3b-03d8-731c-8957-4f2dc4f8464f', '48d995d4-9571-4a55-b1e7-11eff002e83d', 'front', 'gallery', TRUE),
  ('e426117c-6a4c-4536-ba09-6a4ffc5f48d8', '019cfc3b-03d8-732e-9d55-1e74ebff11dd', 'e426117c-6a4c-4536-ba09-6a4ffc5f48d8', 'front', 'gallery', TRUE),
  ('523622e5-e4e7-4c35-86eb-531b43e1761c', '019cfc3b-03d8-7340-8664-d8b5b646ef84', '523622e5-e4e7-4c35-86eb-531b43e1761c', 'front', 'gallery', TRUE),
  ('43e0d3db-218a-4db4-a6d0-c497631888e1', '019cfc3b-03d8-7350-b433-2aee587b1912', '43e0d3db-218a-4db4-a6d0-c497631888e1', 'front', 'gallery', TRUE),
  ('5f478373-1eef-4684-bbe2-ba93fc4d0769', '019cfc3b-03d8-7361-9a9a-915783d54e1c', '5f478373-1eef-4684-bbe2-ba93fc4d0769', 'front', 'gallery', TRUE),
  ('27e5cc73-c79a-4ae6-9464-4a37b7f3a802', '019cfc3b-03d8-7371-9e2d-f3aa5ad324a9', '27e5cc73-c79a-4ae6-9464-4a37b7f3a802', 'front', 'gallery', TRUE),
  ('019cfdeb-9062-7800-a4ec-768210ad8caf', '019cfde8-86d5-734d-add4-3f4fc05c1173', '019cfdeb-9062-7800-a4ec-768210ad8caf', 'front', 'piltover-archive', TRUE),
  ('019cfdee-0385-7811-85f9-4d51966347a4', '019cfde9-e3e5-7af6-ad98-b9fcc2bfd125', '019cfdee-0385-7811-85f9-4d51966347a4', 'front', 'piltover-archive', TRUE),
  ('019da0d6-5970-73dd-8f1c-9e3ae2c44aca', '019cfded-5ed2-7f73-80a1-9cfea07679c8', '019da0d6-5968-7568-9b29-25a7902a4995', 'front', 'manual', TRUE),
  ('019da0d6-240c-7d5b-b76b-362719233be4', '019cfdee-854c-7472-b74c-3a33a8485cea', '019da0d6-2409-7635-abf1-9c7973565e34', 'front', 'manual', TRUE),
  ('019da0d6-180b-7e2d-812d-0996c6c0c6dc', '019cfdf0-6c9d-76f1-ab80-f96bc3670fb0', '019da0d6-1800-7984-9a73-c1270a0ec001', 'front', 'manual', TRUE),
  ('019d20c0-f11b-7f6d-8b2e-44fc2e2340db', '019d17a1-2723-733a-a21e-4630e4370046', '019d20c0-f11b-7f6d-8b2e-44fc2e2340db', 'front', 'cardtrader-api', TRUE),
  ('019d20c1-5df2-76f9-9b28-b5c0f0046d11', '019d17a6-13f6-74f3-bcaa-6974580b57db', '019d20c1-5df2-76f9-9b28-b5c0f0046d11', 'front', 'cardtrader-api', TRUE),
  ('019d20c2-92c1-7787-b66f-84bdb2dbbf5b', '019d17ac-724a-732c-b83a-23cd257a74e5', '019d20c2-92c1-7787-b66f-84bdb2dbbf5b', 'front', 'cardtrader-api', TRUE),
  ('019d1be8-ad21-7f32-8087-53b4dd439a26', '019d1be8-3681-73b5-bf13-078b7e3c9096', '019d1be8-ad21-7f32-8087-53b4dd439a26', 'front', 'manual', TRUE),
  ('019d20c2-635c-77bc-9541-f0eb363a7410', '019d1bee-0857-793a-b76b-50b6ead8ddbb', '019d20c2-635c-77bc-9541-f0eb363a7410', 'front', 'cardtrader-api', TRUE),
  ('019d20c2-c9c9-7f30-af37-a582a05ea8c5', '019d1bf8-97d5-79ac-929e-286838af5508', '019d20c2-c9c9-7f30-af37-a582a05ea8c5', 'front', 'cardtrader-api', TRUE),
  ('019d20c3-145f-755c-9440-8189b2e80446', '019d1bfd-da4c-73d9-b2c9-a6c628b23bdd', '019d20c3-145f-755c-9440-8189b2e80446', 'front', 'cardtrader-api', TRUE),
  ('019d20c3-4219-746c-9ae8-170b90dcba18', '019d1c00-e58f-73c9-a402-a822d45df1f9', '019d20c3-4219-746c-9ae8-170b90dcba18', 'front', 'cardtrader-api', TRUE),
  ('019d20c3-eefd-753e-ab6c-1405e9f1ec89', '019d1c05-bf03-747d-be95-60ee1687b24b', '019d20c3-eefd-753e-ab6c-1405e9f1ec89', 'front', 'cardtrader-api', TRUE),
  ('019d20c4-1927-787f-9d9a-683adbf8b1db', '019d1c0b-64ab-7160-8bd6-36dfdffb1210', '019d20c4-1927-787f-9d9a-683adbf8b1db', 'front', 'cardtrader-api', TRUE),
  ('019d20c4-6769-7509-b5ac-4ec19f10b08c', '019d1c0e-5395-709b-a44a-b9b9bc85907b', '019d20c4-6769-7509-b5ac-4ec19f10b08c', 'front', 'cardtrader-api', TRUE),
  ('019d20c4-93fa-76a7-be9d-573ed8c694db', '019d1c11-4999-78e3-9980-2298b44d436d', '019d20c4-93fa-76a7-be9d-573ed8c694db', 'front', 'cardtrader-api', TRUE),
  ('019d20c4-fd5f-7dfb-9cae-287c6a376304', '019d1c22-1887-706e-82aa-9a552138fde7', '019d20c4-fd5f-7dfb-9cae-287c6a376304', 'front', 'cardtrader-api', TRUE),
  ('019d20c4-d499-725c-9fc0-484db4a1124d', '019d1c23-7217-7141-8e0f-d21a9ed554f0', '019d20c4-d499-725c-9fc0-484db4a1124d', 'front', 'cardtrader-api', TRUE),
  ('019d20c5-3b74-751b-9902-d7add6bb59a1', '019d1c25-239d-7f37-aaea-9f4e485aa23d', '019d20c5-3b74-751b-9902-d7add6bb59a1', 'front', 'cardtrader-api', TRUE),
  ('019d20c5-920c-7501-a571-f2adf5281832', '019d1c26-a105-7dbb-91c4-7219b21a7b25', '019d20c5-920c-7501-a571-f2adf5281832', 'front', 'cardtrader-api', TRUE),
  ('019d69a4-8bfe-7087-86d9-11e6f8547ae7', '019d69a4-8117-73d6-9aec-69530d59d8da', '019d69a4-8bfe-7087-86d9-11e6f8547ae7', 'front', 'playloltcg', TRUE),
  ('019d69a5-01fb-7e23-8b13-274c2283d333', '019d69a4-f7b9-7222-bb93-cb745d47be9f', '019d69a5-01fb-7e23-8b13-274c2283d333', 'front', 'playloltcg', TRUE),
  ('019d69a5-34b2-7280-9706-5286e199ac41', '019d69a5-28fa-70a2-92ea-73d8f2a27d3f', '019d69a5-34b2-7280-9706-5286e199ac41', 'front', 'playloltcg', TRUE),
  ('019d69a5-9c6e-7990-a460-dff6e0ca4ca4', '019d69a5-8576-7b4d-9c18-7aa1f4451540', '019d69a5-9c6e-7990-a460-dff6e0ca4ca4', 'front', 'playloltcg', TRUE),
  ('019d69a5-c873-7aaa-9c2e-54aa2c3b93b0', '019d69a5-bdd0-7753-98b2-253827e5d3b5', '019d69a5-c873-7aaa-9c2e-54aa2c3b93b0', 'front', 'playloltcg', TRUE),
  ('019d69a5-efd4-76bc-866a-25e442273662', '019d69a5-e53a-7e57-886d-a4524d3da4f8', '019d69a5-efd4-76bc-866a-25e442273662', 'front', 'playloltcg', TRUE),
  ('019d6d05-9329-7474-a769-9b54602732e0', '019d6d05-930d-7af7-9eb5-1bbefadba3a4', '019d6d05-931f-721e-8038-db4a078c27e8', 'front', 'playloltcg', TRUE),
  ('019d6d05-994d-7e25-935f-695a23c98d14', '019d6d05-9935-76e8-a805-ea6541cb99dd', '019d6d05-9947-742c-b01d-cad0c7018b84', 'front', 'playloltcg', TRUE),
  ('019d6d05-9a83-7293-add2-5a4f60c907ca', '019d6d05-9a7a-7234-aa16-3d519c8131c9', '019d6d05-9a7e-775c-8f1e-4403df1951cc', 'front', 'playloltcg', TRUE),
  ('019d6d05-a779-7b4b-84a0-9f8dcc4f003f', '019d6d05-a758-7fce-aadd-aafcc11baebe', '019d6d05-a775-7452-8e04-45b7f429d40a', 'front', 'playloltcg', TRUE),
  ('019d6d05-aab0-7201-b9c8-c0e41d5906d3', '019d6d05-aa97-77be-8913-cae20a56f25f', '019d6d05-aaab-7c8b-ad5f-fc115adfed4c', 'front', 'playloltcg', TRUE),
  ('019d6d05-b0b8-7653-8740-8e71e8753277', '019d6d05-b0ac-79e3-8edc-0d6d436d148b', '019d6d05-b0b6-748f-b425-39e7eb8bbbfa', 'front', 'playloltcg', TRUE),
  ('019d6d05-b66e-7d98-a9c9-a6d8bff1969c', '019d6d05-b656-79e4-b3df-2c0c6414f64b', '019d6d05-b66a-7de3-87f0-3d41a4ca347f', 'front', 'playloltcg', TRUE),
  ('019d6d05-b9b2-7d9a-8591-6ab103ac64ba', '019d6d05-b99e-7e0e-96dd-e1c9da4bdae3', '019d6d05-b9af-7d7c-85fc-d0fab99b3612', 'front', 'playloltcg', TRUE),
  ('019d6d05-c151-7d3f-b63f-af7ea74a6bc2', '019d6d05-c13a-799a-bda0-efd70a6a1b75', '019d6d05-c14d-76ae-951c-d2f037b2f97f', 'front', 'playloltcg', TRUE),
  ('019d6d05-c856-74c9-a963-1f4f323d49e5', '019d6d05-c823-7069-95b6-1cdf23f82a9a', '019d6d05-c845-7de4-bbc7-edaa17b2fbca', 'front', 'playloltcg', TRUE),
  ('019d6d05-d8fa-7f29-b25a-b75337d229c1', '019d6d05-d8e2-7e53-8fe6-54fd10424a8b', '019d6d05-d8f6-7586-a393-0ad31059d2be', 'front', 'playloltcg', TRUE),
  ('019d6d05-da04-7bd9-8dc1-efbeab02b1ca', '019d6d05-d9e8-75ca-9545-64d46c8fb6cb', '019d6d05-d9f8-71b7-a98a-6f2c78757719', 'front', 'playloltcg', TRUE),
  ('019d6d05-e5f7-7f4c-a84b-748c07ffeccc', '019d6d05-e5d5-7c5b-8b55-90aeb47adb3e', '019d6d05-e5ee-7b32-b2dd-f0fb368562ce', 'front', 'playloltcg', TRUE),
  ('019d6d05-f9c9-75d4-a0ed-f07326e7494c', '019d6d05-f9be-789f-b21f-bfe68b1572d8', '019d6d05-f9c7-7bae-b42f-2a11d7012ecc', 'front', 'playloltcg', TRUE),
  ('019d6d05-fef6-7367-ace5-5185ebf65428', '019d6d05-fee6-7d60-b8f2-ea216d891c59', '019d6d05-feed-74e0-ac0d-8f7481067c47', 'front', 'playloltcg', TRUE),
  ('019d6d06-03ab-7cf8-ba07-63cc0c3f75d0', '019d6d06-0398-7088-8098-0484a6aa2fea', '019d6d06-03a7-7715-a71d-80e04647dac1', 'front', 'playloltcg', TRUE),
  ('019d6d06-1094-7ebe-81d9-62cd48ddca5d', '019d6d06-108e-726f-809e-13b31796be1c', '019d6d06-1093-760b-b41f-d750ecde9e1d', 'front', 'playloltcg', TRUE),
  ('019d6d06-1de5-740d-8131-9263f0ebb348', '019d6d06-1dd2-7649-938a-01851a1098ae', '019d6d06-1de1-7b72-9361-d50150c5b846', 'front', 'playloltcg', TRUE),
  ('019d6d06-216a-7cea-85e2-a4c3c334a436', '019d6d06-2149-7ed5-a52b-64215640186a', '019d6d06-2168-7f76-87e0-e98b9207b642', 'front', 'playloltcg', TRUE),
  ('019d6d06-2235-7e39-82aa-3bf1ec09a170', '019d6d06-2210-7187-b6ea-5d10e2e048ab', '019d6d06-2223-77ed-9c04-48f87fc6287d', 'front', 'playloltcg', TRUE),
  ('019d6d06-3086-7cc2-9f53-43f8947c3bec', '019d6d06-3071-78cb-871f-945422034de3', '019d6d06-3083-73e3-afac-c22fbdfa2f9b', 'front', 'playloltcg', TRUE),
  ('019d6d06-31da-7146-b516-ca43ad818ba1', '019d6d06-31c7-75c2-ba60-479deb454553', '019d6d06-31d8-77d8-9712-2692f13b3a85', 'front', 'playloltcg', TRUE),
  ('019d6d06-3494-7808-aae1-494eac217239', '019d6d06-3485-71cd-bcef-9c7db6924832', '019d6d06-3492-7e51-b1fd-59619b316a84', 'front', 'playloltcg', TRUE),
  ('019d6d06-37bb-7448-9ae8-6131ed730b27', '019d6d06-37a3-7312-bb34-9c497b8b9d64', '019d6d06-37b8-71dd-8f68-b30f9444e05b', 'front', 'playloltcg', TRUE),
  ('019da2e8-4826-75d1-a470-4215224a2d9c', '019da2e8-4802-73ea-bf4a-08974766950d', '019da2e8-4822-7db4-b13e-0fe339b2c5c0', 'front', 'import', TRUE);


-- Card bans
INSERT INTO card_bans (id, card_id, format_id, banned_at, unbanned_at, reason) VALUES
  ('019713f0-0000-7000-8000-000000000003', '019cfc3b-038a-7acd-8d1e-ff0cd42a7878', 'freeform', '2025-06-01', NULL, 'Dominated the meta with a 65% win rate in competitive play');


-- Marketplace
INSERT INTO marketplace_groups (id, marketplace, group_id, name, abbreviation) VALUES
  ('019cfc3a-e5d3-7e7e-9497-23ee0c612850', 'cardmarket', 6286, 'Origins', NULL),
  ('019cfc3a-e5d3-7e90-b462-c8bed1bf05f2', 'cardmarket', 6289, 'Proving Grounds', NULL),
  ('019cfc3a-e5d3-7ea2-a7ed-d1d82f6cdea5', 'cardmarket', 6322, 'Origins: Promos', NULL),
  ('019cfc3a-e5d3-7eb3-abad-5fdffa803665', 'cardmarket', 6399, 'Spiritforged', NULL),
  ('019cfc3a-e5d3-7ec3-9543-f9f44e5915aa', 'cardmarket', 6480, 'Project K Promos', NULL),
  ('019cfc3a-e5d3-7ed4-8999-3cd4b463f244', 'cardmarket', 6483, 'Spiritforged: Promos', NULL),
  ('019da460-cc9e-750a-a4d0-83131b98f588', 'cardmarket', 6491, NULL, NULL),
  ('019d1c29-9066-737b-8946-b9e3101587c1', 'cardtrader', 4166, 'Origins', 'ogn'),
  ('019d1c29-9068-7cbc-882a-e1bcbf146596', 'cardtrader', 4167, 'Promos', 'promo-rift'),
  ('019d1c29-9069-7097-8252-8f3be7d4ade1', 'cardtrader', 4275, 'Origins Proving Grounds', 'ogs'),
  ('019d1c29-9069-7229-ad09-cb5eb07466c1', 'cardtrader', 4287, 'Organized Play', 'op'),
  ('019d1c29-9069-747a-beab-1570e3ab757b', 'cardtrader', 4288, 'Judge Promos', 'jdg'),
  ('019d1c29-9069-764c-b786-082f8c1a9840', 'cardtrader', 4289, 'Arcane', 'arc'),
  ('019d1c29-9069-77ae-83a8-bd64449d8a9b', 'cardtrader', 4299, 'Spiritforged', 'sfd'),
  ('019d1c29-9069-7912-abde-0f84f7a0fea8', 'cardtrader', 4347, 'Championship Promo', 'rift-champ'),
  ('019d1c29-9069-7a79-be25-ad6ad9d2d51d', 'cardtrader', 4348, 'Nexus Night Promos', 'nnp'),
  ('019d1c29-9069-7c84-b27c-5a9bbc8498aa', 'cardtrader', 4349, 'Release Event Promos', 'rep-riftbound'),
  ('019d1c29-906a-704f-8628-feed96f41172', 'cardtrader', 4425, 'Unleashed', 'unl'),
  ('019d1c29-906a-726f-a12f-f13b745fd5fc', 'cardtrader', 4521, 'Vendetta', 'ven'),
  ('019d1c29-906a-74ea-b28f-1c2b80c38ccb', 'cardtrader', 4522, 'Radiance', 'rad'),
  ('019cfc3a-e5d3-7e5b-8dd3-6cd925320b27', 'tcgplayer', 24343, 'Riftbound Promotional Cards', 'PR'),
  ('019cfc3a-e5d3-7e27-a1bc-c57dea97644a', 'tcgplayer', 24344, 'Origins', 'OGN'),
  ('019cfc3a-e5d3-7e38-8af3-07d1e517947c', 'tcgplayer', 24439, 'Origins: Proving Grounds', 'OGS'),
  ('019cfc3a-e5d3-7e6d-ad96-f51fdb4d70ba', 'tcgplayer', 24502, 'Riftbound Worlds Bundle 2025', 'RWB'),
  ('019cfc3a-e5d3-7df3-838e-550f1a2fd90a', 'tcgplayer', 24519, 'Spiritforged', 'SFD'),
  ('019cfc3a-e5d3-7e4a-bc91-dd70fab6d75c', 'tcgplayer', 24528, 'Riftbound Organized Play Promotional Cards', 'OPP'),
  ('019cfc3a-e5d3-7e15-8287-881760ec56ed', 'tcgplayer', 24552, 'Riftbound Judge Promotional Cards', 'JDG'),
  ('019cfc3a-e5d3-7c3d-96c9-dc5f89f12fba', 'tcgplayer', 24560, 'Unleashed', 'UNL');

INSERT INTO marketplace_products (id, marketplace, group_id, external_id, product_name, finish, language) VALUES
  ('019cfc3a-e6ac-71d6-abb7-1001032d517e', 'cardmarket', 6286, 845886, 'Fury Rune', 'normal', NULL),
  ('019cfc3a-e6af-776c-8e21-85b2fcc79220', 'cardmarket', 6286, 845887, 'Fury Rune', 'foil', NULL),
  ('019cfc3a-e6ae-746b-bc85-a83b3dc99f6c', 'cardmarket', 6289, 847523, 'Annie, Fiery', 'normal', NULL),
  ('019cfc3a-e6ae-749f-a1a7-5cb64e718b12', 'cardmarket', 6289, 847524, 'Firestorm', 'normal', NULL),
  ('019cfc3a-e6ae-74b0-952e-22178e4a7e87', 'cardmarket', 6289, 847525, 'Incinerate', 'normal', NULL),
  ('019cfc3a-e6ae-74e2-92f3-369504d1fe1c', 'cardmarket', 6289, 847526, 'Master Yi, Meditative', 'normal', NULL),
  ('019cfc3a-e6ae-7513-9d72-f8e437d02fdd', 'cardmarket', 6289, 847527, 'Zephyr Sage', 'normal', NULL),
  ('019cfc3a-e6ae-7417-a3cc-375b29f33e47', 'cardmarket', 6289, 847528, 'Lux, Illuminated', 'normal', NULL),
  ('019cfc3a-e6ae-7428-9974-e89da999730a', 'cardmarket', 6289, 847529, 'Garen, Rugged', 'normal', NULL),
  ('019cfc3a-e6ae-747b-aa9c-edfbd4aff009', 'cardmarket', 6289, 847530, 'Gentlemen''s Duel', 'normal', NULL),
  ('019cfc3a-e6ae-74c0-b143-468d5f35c616', 'cardmarket', 6289, 847531, 'Master Yi, Honed', 'normal', NULL),
  ('019cfc3a-e6ae-74f3-a054-e6db5ea815af', 'cardmarket', 6289, 847532, 'Annie, Stubborn', 'normal', NULL),
  ('019cfc3a-e6ae-7523-82c1-0346b092dcd7', 'cardmarket', 6289, 847533, 'Flash', 'normal', NULL),
  ('019cfc3a-e6ae-7439-8cde-ba5aa311dccd', 'cardmarket', 6289, 847534, 'Blast of Power', 'normal', NULL),
  ('019cfc3a-e6ae-7449-8b88-2301b4dc58ff', 'cardmarket', 6289, 847535, 'Garen, Commander', 'normal', NULL),
  ('019cfc3a-e6ae-748e-ae8b-11af7f4778fb', 'cardmarket', 6289, 847536, 'Lux, Crownguard', 'normal', NULL),
  ('019cfc3a-e6ae-74d1-9529-ea93b174de93', 'cardmarket', 6289, 847537, 'Recruit the Vanguard', 'normal', NULL),
  ('019cfc3a-e6ae-7503-aeb8-0c509cda7ca4', 'cardmarket', 6289, 847538, 'Vanguard Attendant', 'normal', NULL),
  ('019cfc3a-e6ae-7534-9bea-83da6ddad87d', 'cardmarket', 6289, 847539, 'Annie, Dark Child', 'normal', NULL),
  ('019cfc3a-e6ae-745a-b91b-223257fac59a', 'cardmarket', 6289, 847540, 'Tibbers', 'normal', NULL),
  ('019cfc3a-e6ae-7544-adb0-c3fb6505c601', 'cardmarket', 6289, 847541, 'Master Yi, Wuju Bladesman', 'normal', NULL),
  ('019cfc3a-e6ae-7555-8d31-5008539d17ab', 'cardmarket', 6289, 847542, 'Highlander', 'normal', NULL),
  ('019cfc3a-e6ae-7566-b871-b95b5aeebb1a', 'cardmarket', 6289, 847543, 'Lux, Lady of Luminosity', 'normal', NULL),
  ('019cfc3a-e6ae-7577-a525-ed370f8863f1', 'cardmarket', 6289, 847544, 'Final Spark', 'normal', NULL),
  ('019cfc3a-e6ae-7587-834d-13e53c2c90e0', 'cardmarket', 6289, 847545, 'Garen, Might of Demacia', 'normal', NULL),
  ('019cfc3a-e6ae-7597-bb5d-19ca4dda8646', 'cardmarket', 6289, 847546, 'Decisive Strike', 'normal', NULL),
  ('019d20e6-de36-71a5-9651-69e938c91a09', 'cardmarket', 6322, 856120, 'Fury Rune', 'foil', NULL),
  ('019d20e7-2b3a-7260-8dea-2adb77cefaf8', 'cardmarket', 6399, 871893, 'Fury Rune', 'foil', NULL),
  ('019d1d01-32e2-77c6-948a-f4f114337a4b', 'cardmarket', 6399, 872478, 'Fury Rune', 'normal', NULL),
  ('019d20e7-1e9e-70d6-a37c-01288b77a1df', 'cardmarket', 6483, 874107, 'Fury Rune', 'foil', NULL),
  ('019d1bfd-bc5a-7c69-aa96-3572e31fc28c', 'cardmarket', 6322, 874121, 'Annie, Fiery', 'foil', NULL),
  ('019d36db-d6d1-7187-8fff-de9550790327', 'cardmarket', 6322, 874122, 'Master Yi, Meditative', 'foil', NULL),
  ('019d39d5-4b44-7998-8b2c-b6ab6f67ace9', 'cardmarket', 6322, 874123, 'Lux, Illuminated', 'foil', NULL),
  ('019d409c-e79b-73da-8bf0-a92c7813c6aa', 'cardmarket', 6322, 874124, 'Garen, Rugged', 'foil', NULL),
  ('019d409d-809a-7cc7-9da8-890c704bdcc6', 'cardmarket', 6322, 874125, 'Master Yi, Honed', 'foil', NULL),
  ('019d1bfe-f678-7062-91da-fa2b9c2ddbe6', 'cardmarket', 6322, 874126, 'Annie, Stubborn', 'foil', NULL),
  ('019d409c-257e-7837-acd8-a7247a352263', 'cardmarket', 6322, 874127, 'Garen, Commander', 'foil', NULL),
  ('019d409a-bd07-7d46-a76c-2e12f44eb3fb', 'cardmarket', 6322, 874128, 'Lux, Crownguard', 'foil', NULL),
  ('019d271d-3bc8-7b9b-900b-4a070ee1c013', 'cardmarket', 6322, 874130, 'Tibbers', 'foil', NULL),
  ('019d271d-892d-7aad-a425-802f4111cba4', 'cardmarket', 6322, 874131, 'Master Yi, Wuju Bladesman', 'foil', NULL),
  ('019d271d-ef38-78cb-88c0-8c5acf45b70f', 'cardmarket', 6322, 874132, 'Highlander', 'foil', NULL),
  ('019d271f-3089-78a6-9be8-bcd03d2c67f8', 'cardmarket', 6322, 874133, 'Lux, Lady of Luminosity', 'foil', NULL),
  ('019d271f-9586-7fd9-a722-867fb0a85f45', 'cardmarket', 6322, 874134, 'Final Spark', 'foil', NULL),
  ('019d271f-e218-71b0-aeb2-6919275316ef', 'cardmarket', 6322, 874135, 'Garen, Might of Demacia', 'foil', NULL),
  ('019d2720-2f90-7388-9b50-19f89cfcd488', 'cardmarket', 6322, 874136, 'Decisive Strike', 'foil', NULL),
  ('019d1d0d-2a12-77fd-95cd-d45001e9cea1', 'cardtrader', 4275, 344328, 'Annie - Fiery', 'normal', 'EN'),
  ('019d1d0d-2a12-78fd-af18-feca7f775db6', 'cardtrader', 4275, 344329, 'Firestorm', 'normal', 'EN'),
  ('019d1d0d-2a12-7a5e-8494-300c8e8979b0', 'cardtrader', 4275, 344330, 'Incinerate', 'normal', 'EN'),
  ('019d1d0d-2a12-7b45-a304-272c5131be99', 'cardtrader', 4275, 344331, 'Master Yi - Medative', 'normal', 'EN'),
  ('019d1d0d-2a12-7c29-b2d4-d8116beb889c', 'cardtrader', 4275, 344332, 'Zephyr Sage', 'normal', 'EN'),
  ('019d1d0d-2a12-7d05-aa0d-3e757c90def6', 'cardtrader', 4275, 344333, 'Lux - Illuminated', 'normal', 'EN'),
  ('019d39d5-5fdb-7865-9a18-f35ef763d762', 'cardtrader', 4275, 344333, 'Lux - Illuminated', 'foil', 'EN'),
  ('019d1d0d-2a12-7eea-8534-4738787b8ee3', 'cardtrader', 4275, 344334, 'Garen - Rugged', 'normal', 'EN'),
  ('019d1d0d-2a12-7fca-b18d-20870e5070f6', 'cardtrader', 4275, 344335, 'Gentlemen''s Duel', 'normal', 'EN'),
  ('019d1d0d-2a13-7187-bb9a-3d240d181f63', 'cardtrader', 4275, 344336, 'Master Yi - Honed', 'normal', 'EN'),
  ('019d1d0d-2a13-725e-bf19-d750818f5e29', 'cardtrader', 4275, 344337, 'Annie - Stubborn', 'normal', 'EN'),
  ('019d1d0d-2a13-732c-b0f5-67b22f750e16', 'cardtrader', 4275, 344338, 'Flash', 'normal', 'EN'),
  ('019d1d0d-2a13-73fa-a275-c4328e51fc99', 'cardtrader', 4275, 344340, 'Blast of Power', 'normal', 'EN'),
  ('019d1d0d-2a13-74fa-885f-59cf33778864', 'cardtrader', 4275, 344341, 'Garen - Commander', 'normal', 'EN'),
  ('019d1d0d-2a13-7608-a7ea-8df61acf411f', 'cardtrader', 4275, 344342, 'Lux - Crownguard', 'normal', 'EN'),
  ('019d1d0d-2a13-76de-a67e-0806fa6f4239', 'cardtrader', 4275, 344343, 'Recruit the Vanguard', 'normal', 'EN'),
  ('019d1d0d-2a13-77ad-8d8a-9b52e88749c8', 'cardtrader', 4275, 344344, 'Vanguard Attendant', 'normal', 'EN'),
  ('019d1d0d-2a13-787a-b3cb-e673420bae1f', 'cardtrader', 4275, 344430, 'Annie - Dark Child', 'normal', 'EN'),
  ('019d1d0d-2a13-7948-9867-57ec1faaf50c', 'cardtrader', 4275, 344431, 'Tibbers', 'normal', 'EN'),
  ('019d1d0d-2a13-7a28-ae18-018b7cb0a03b', 'cardtrader', 4275, 344432, 'Master Yi - Wuju Bladesman', 'normal', 'EN'),
  ('019d1d0d-2a13-7b09-a64e-99353acec162', 'cardtrader', 4275, 344433, 'Highlander', 'normal', 'EN'),
  ('019d1d0d-2a13-7be0-a676-a11bf15d0ffd', 'cardtrader', 4275, 344434, 'Lux - Lady of Luminosity', 'normal', 'EN'),
  ('019d1d0d-2a13-7ce6-9913-9c01116eaf2a', 'cardtrader', 4275, 344435, 'Final Spark', 'normal', 'EN'),
  ('019d1d0d-2a13-7e04-8b8c-a1095cd91add', 'cardtrader', 4275, 344436, 'Garen - Might of Demacia', 'normal', 'EN'),
  ('019d1d0d-2a13-7edd-9611-9407c5b8fef1', 'cardtrader', 4275, 344437, 'Decisive Strike', 'normal', 'EN'),
  ('019d1d0d-29d4-72a7-8cd5-45831f58077c', 'cardtrader', 4166, 345179, 'Fury Rune', 'normal', 'EN'),
  ('019d1d0d-29d4-73b4-86d4-949fe378c4d9', 'cardtrader', 4166, 345180, 'Fury Rune', 'foil', 'EN'),
  ('019d20e7-024e-7678-aab8-a4f3d4131f97', 'cardtrader', 4348, 353778, 'Fury Rune', 'foil', 'EN'),
  ('019d1d0d-2a67-7a7d-aa5f-010de2d9c98e', 'cardtrader', 4299, 374044, 'Fury Rune', 'normal', 'EN'),
  ('019d20e7-6444-7354-9cbd-183bd5d123c2', 'cardtrader', 4299, 374045, 'Fury Rune', 'foil', 'EN'),
  ('019d1d0d-2a68-727a-af66-1191170bf46e', 'cardtrader', 4348, 374052, 'Fury Rune', 'foil', 'EN'),
  ('019d1d0d-2a68-7374-9c22-12476c20a361', 'cardtrader', 4348, 375019, 'Annie - Fiery', 'foil', 'EN'),
  ('019d1d0d-2a68-746b-b5d0-cfa838348e4a', 'cardtrader', 4348, 375020, 'Annie - Stubborn', 'foil', 'EN'),
  ('019d271d-3bc8-7dd0-ae1e-8a1580674560', 'cardtrader', 4348, 375022, 'Tibbers', 'foil', 'EN'),
  ('019d271d-9f3d-7ce9-87f2-582b0e12d488', 'cardtrader', 4348, 375023, 'Master Yi - Wuju Bladesman', 'foil', 'EN'),
  ('019d271e-df84-79cb-8252-b6b4167e1b84', 'cardtrader', 4348, 375024, 'Highlander', 'foil', 'EN'),
  ('019d271f-4aa4-7a61-bca4-6e01982a8bc4', 'cardtrader', 4348, 375025, 'Lux - Lady of Luminosity', 'foil', 'EN'),
  ('019d271f-a485-7581-9ce9-5e89aed35676', 'cardtrader', 4348, 375026, 'Final Spark', 'foil', 'EN'),
  ('019d271f-ef5f-76af-a1a6-7c79e3c3a3e2', 'cardtrader', 4348, 375027, 'Garen - Might of Demacia', 'foil', 'EN'),
  ('019d2720-47fb-7dc1-ab43-32dcbff73541', 'cardtrader', 4348, 375028, 'Decisive Strike', 'foil', 'EN'),
  ('019d36dc-046c-7b55-8fe3-462863b2eaee', 'cardtrader', 4348, 375034, 'Master Yi - Medative', 'foil', 'EN'),
  ('019d409d-08e1-70e7-89b1-047ee4d16255', 'cardtrader', 4348, 375040, 'Garen - Rugged', 'foil', 'EN'),
  ('019d409d-4b20-7525-ba78-33b069b9680c', 'cardtrader', 4348, 375042, 'Master Yi - Honed', 'foil', 'EN'),
  ('019d409b-dd75-7be6-90ec-d14b3fbab031', 'cardtrader', 4348, 375050, 'Lux - Crownguard', 'foil', 'EN'),
  ('019d409c-4990-7567-9446-713149a13449', 'cardtrader', 4348, 375051, 'Garen - Commander', 'foil', 'EN'),
  ('019cfc3a-e6a8-714f-9498-bf3792f5d6db', 'tcgplayer', 24344, 652777, 'Fury Rune', 'normal', 'EN'),
  ('019cfc3a-e6a8-7159-b93e-18ee20e3a368', 'tcgplayer', 24344, 652778, 'Fury Rune Alternate Art', 'foil', 'EN'),
  ('019cfc3a-e6a8-71f5-b5d9-80b0a04a1fd0', 'tcgplayer', 24439, 653136, 'Annie Fiery', 'normal', 'EN'),
  ('019cfc3a-e6a8-7257-8dab-d9ae87986048', 'tcgplayer', 24439, 653137, 'Firestorm', 'normal', 'EN'),
  ('019cfc3a-e6a8-7265-b40f-501dff21daeb', 'tcgplayer', 24439, 653138, 'Incinerate', 'normal', 'EN'),
  ('019cfc3a-e6aa-709e-b5a2-845a1d93b36d', 'tcgplayer', 24439, 653139, 'Master Yi Meditative', 'normal', 'EN'),
  ('019cfc3a-e6a8-726f-bc07-24be5ea16d8f', 'tcgplayer', 24439, 653140, 'Zephyr Sage', 'normal', 'EN'),
  ('019cfc3a-e6a8-727a-b219-b887318ae5b5', 'tcgplayer', 24439, 653141, 'Lux Illuminated', 'normal', 'EN'),
  ('019cfc3a-e6a8-7285-b3e5-488a2dbdea7d', 'tcgplayer', 24439, 653142, 'Garen Rugged', 'normal', 'EN'),
  ('019cfc3a-e6aa-7071-b259-94bb4f849c3f', 'tcgplayer', 24439, 653143, 'Gentlemens Duel', 'normal', 'EN'),
  ('019cfc3a-e6ab-7ec3-8690-caded282a194', 'tcgplayer', 24439, 653144, 'Master Yi Honed', 'normal', 'EN'),
  ('019cfc3a-e6a8-728f-ae7c-bac19061fe18', 'tcgplayer', 24439, 653145, 'Annie Stubborn', 'normal', 'EN'),
  ('019cfc3a-e6a8-7299-9f2d-55db1c8ef1bc', 'tcgplayer', 24439, 653146, 'Flash', 'normal', 'EN'),
  ('019cfc3a-e6a8-72a3-8da4-a235300c7c58', 'tcgplayer', 24439, 653147, 'Blast of Power', 'normal', 'EN'),
  ('019cfc3a-e6a8-72ad-a3a3-f547137cc52d', 'tcgplayer', 24439, 653148, 'Garen Commander', 'normal', 'EN'),
  ('019cfc3a-e6a8-72cc-9c70-4f809d2600b6', 'tcgplayer', 24439, 653149, 'Lux Crownguard', 'normal', 'EN'),
  ('019cfc3a-e6a8-72d7-a5f0-2ab7097bce41', 'tcgplayer', 24439, 653150, 'Recruit the Vanguard', 'normal', 'EN'),
  ('019cfc3a-e6a8-72e2-94d6-3dc1299e526f', 'tcgplayer', 24439, 653151, 'Vanguard Attendant', 'normal', 'EN'),
  ('019cfc3a-e6ab-7ed4-9f9c-52aadb63fbd5', 'tcgplayer', 24439, 653152, 'Annie Dark Child Starter', 'normal', 'EN'),
  ('019cfc3a-e6a8-72ec-a92b-a874aa5b09aa', 'tcgplayer', 24439, 653153, 'Tibbers', 'normal', 'EN'),
  ('019cfc3a-e6ab-7ee2-9376-a79c13377511', 'tcgplayer', 24439, 653154, 'Master Yi Wuju Bladesman Starter', 'normal', 'EN'),
  ('019cfc3a-e6a8-72f7-8be8-a360f69d985e', 'tcgplayer', 24439, 653155, 'Highlander', 'normal', 'EN'),
  ('019cfc3a-e6ab-7ef2-898a-7eccb5b0aa72', 'tcgplayer', 24439, 653156, 'Lux Lady of Luminosity Starter', 'normal', 'EN'),
  ('019cfc3a-e6aa-7080-a814-eb7bec8d81cc', 'tcgplayer', 24439, 653157, 'Final Spark', 'normal', 'EN'),
  ('019cfc3a-e6ab-7f00-a2f0-aedeb1604fd2', 'tcgplayer', 24439, 653158, 'Garen Might of Demacia Starter', 'normal', 'EN'),
  ('019cfc3a-e6aa-708f-bb8b-9665f0c1c436', 'tcgplayer', 24439, 653159, 'Decisive Strike', 'normal', 'EN'),
  ('019d20e6-aa4c-70f9-908f-02f7610971ed', 'tcgplayer', 24528, 662900, 'Fury Rune', 'foil', 'EN'),
  ('019d1d01-13e8-7e85-b60c-96c589e3efa2', 'tcgplayer', 24519, 678183, 'Fury Rune', 'normal', 'EN'),
  ('019d20e6-639d-7de2-a3f4-345b222add3e', 'tcgplayer', 24519, 678224, 'Fury Rune Alternate Art', 'foil', 'EN'),
  ('019d271d-3bc8-715b-a631-c098461c9605', 'tcgplayer', 24528, 680254, 'Tibbers', 'foil', 'EN'),
  ('019d271d-71ad-74f6-a38d-54b605523b7a', 'tcgplayer', 24528, 680257, 'Master Yi Wuju Bladesman', 'foil', 'EN'),
  ('019d271d-d6ff-7448-820a-e599e9fda7be', 'tcgplayer', 24528, 680260, 'Highlander', 'foil', 'EN'),
  ('019d271f-192c-7787-a80e-4fc1474500cd', 'tcgplayer', 24528, 680262, 'Lux Lady of Luminosity', 'foil', 'EN'),
  ('019d271f-7fc7-70d1-9cfb-2f0cefff16ce', 'tcgplayer', 24528, 680263, 'Final Spark', 'foil', 'EN'),
  ('019d271f-cd56-7c76-8451-331fc5b2ee4e', 'tcgplayer', 24528, 680266, 'Garen Might of Demacia', 'foil', 'EN'),
  ('019d2720-1f9c-713c-8301-5d1e15e8e3a3', 'tcgplayer', 24528, 680270, 'Decisive Strike', 'foil', 'EN'),
  ('019d1d01-9246-740b-839c-b88fd4ca9361', 'tcgplayer', 24528, 680274, 'Fury Rune R01b', 'foil', 'EN'),
  ('019d1bfd-b2ca-73a3-a04c-d048f205a2cf', 'tcgplayer', 24528, 680296, 'Annie Fiery', 'foil', 'EN'),
  ('019d36db-b14b-73b7-a66a-d9de0f66dd33', 'tcgplayer', 24528, 680323, 'Master Yi Meditative', 'foil', 'EN'),
  ('019d39d5-3cb0-768f-b6ab-e207ec9d4b82', 'tcgplayer', 24528, 680339, 'Lux Illuminated', 'foil', 'EN'),
  ('019d409c-d90e-71a9-af57-66e5972fcac1', 'tcgplayer', 24528, 680360, 'Garen Rugged', 'foil', 'EN'),
  ('019d409d-71c9-72c1-852e-c4cd636fcaae', 'tcgplayer', 24528, 680376, 'Master Yi Honed', 'foil', 'EN'),
  ('019d1bfe-e71d-79d0-af05-2c26f2bc5be7', 'tcgplayer', 24528, 680416, 'Annie Stubborn', 'foil', 'EN'),
  ('019d409a-acc8-72be-bbea-7495802c2f6d', 'tcgplayer', 24528, 680439, 'Lux Crownguard', 'foil', 'EN'),
  ('019d409c-1555-7f70-8f25-e86f84b0cd98', 'tcgplayer', 24528, 680441, 'Garen Commander', 'foil', 'EN');

INSERT INTO marketplace_product_variants (id, marketplace_product_id, printing_id) VALUES
  ('019cfc3a-e6ac-71d6-abb7-1001032d517e', '019cfc3a-e6ac-71d6-abb7-1001032d517e', '019cfc3b-03d2-75a9-b281-305c0ec46c9c'),
  ('019cfc3a-e6af-776c-8e21-85b2fcc79220', '019cfc3a-e6af-776c-8e21-85b2fcc79220', '019cfc3b-03d1-7eb9-b5d5-588deb7bd4a7'),
  ('019cfc3a-e6ae-746b-bc85-a83b3dc99f6c', '019cfc3a-e6ae-746b-bc85-a83b3dc99f6c', '019cfc3b-03d6-74cf-adec-1dce41f631eb'),
  ('019cfc3a-e6ae-749f-a1a7-5cb64e718b12', '019cfc3a-e6ae-749f-a1a7-5cb64e718b12', '019cfc3b-03d5-768e-91cf-8ac59b20fb0e'),
  ('019cfc3a-e6ae-74b0-952e-22178e4a7e87', '019cfc3a-e6ae-74b0-952e-22178e4a7e87', '019cfc3b-03d6-74e0-bdbe-4aca898a0bbd'),
  ('019cfc3a-e6ae-74e2-92f3-369504d1fe1c', '019cfc3a-e6ae-74e2-92f3-369504d1fe1c', '019cfc3b-03d6-74f2-bcff-7bd89d0061f5'),
  ('019cfc3a-e6ae-7513-9d72-f8e437d02fdd', '019cfc3a-e6ae-7513-9d72-f8e437d02fdd', '019cfc3b-03d6-7502-b5c1-a9e422f91ac7'),
  ('019cfc3a-e6ae-7417-a3cc-375b29f33e47', '019cfc3a-e6ae-7417-a3cc-375b29f33e47', '019cfc3b-03d6-7514-9347-be4597ff1eee'),
  ('019cfc3a-e6ae-7428-9974-e89da999730a', '019cfc3a-e6ae-7428-9974-e89da999730a', '019cfc3b-03d6-752a-adc5-19033009d65d'),
  ('019cfc3a-e6ae-747b-aa9c-edfbd4aff009', '019cfc3a-e6ae-747b-aa9c-edfbd4aff009', '019cfc3b-03d6-753c-9ec3-7cf48219b1e8'),
  ('019cfc3a-e6ae-74c0-b143-468d5f35c616', '019cfc3a-e6ae-74c0-b143-468d5f35c616', '019cfc3b-03d6-754e-a4de-ca223b302965'),
  ('019cfc3a-e6ae-74f3-a054-e6db5ea815af', '019cfc3a-e6ae-74f3-a054-e6db5ea815af', '019cfc3b-03d6-755e-8d42-32464c0bf236'),
  ('019cfc3a-e6ae-7523-82c1-0346b092dcd7', '019cfc3a-e6ae-7523-82c1-0346b092dcd7', '019cfc3b-03d6-7570-ac57-ad240fe24183'),
  ('019cfc3a-e6ae-7439-8cde-ba5aa311dccd', '019cfc3a-e6ae-7439-8cde-ba5aa311dccd', '019cfc3b-03d6-7581-bf1d-f627860d73b0'),
  ('019cfc3a-e6ae-7449-8b88-2301b4dc58ff', '019cfc3a-e6ae-7449-8b88-2301b4dc58ff', '019cfc3b-03d6-7592-be7d-af8b5a85a818'),
  ('019cfc3a-e6ae-748e-ae8b-11af7f4778fb', '019cfc3a-e6ae-748e-ae8b-11af7f4778fb', '019cfc3b-03d6-75a3-90b8-c82d7afdc00a'),
  ('019cfc3a-e6ae-74d1-9529-ea93b174de93', '019cfc3a-e6ae-74d1-9529-ea93b174de93', '019cfc3b-03d6-75d8-a0f7-c6fd8a35c6f9'),
  ('019cfc3a-e6ae-7503-aeb8-0c509cda7ca4', '019cfc3a-e6ae-7503-aeb8-0c509cda7ca4', '019cfc3b-03d6-75ee-922c-1e736369b5d4'),
  ('019cfc3a-e6ae-7534-9bea-83da6ddad87d', '019cfc3a-e6ae-7534-9bea-83da6ddad87d', '019cfc3b-03d6-7600-9bd2-f43441e40ace'),
  ('019cfc3a-e6ae-745a-b91b-223257fac59a', '019cfc3a-e6ae-745a-b91b-223257fac59a', '019cfc3b-03d8-7309-9eae-0ba9ba5967f3'),
  ('019cfc3a-e6ae-7544-adb0-c3fb6505c601', '019cfc3a-e6ae-7544-adb0-c3fb6505c601', '019cfc3b-03d8-731c-8957-4f2dc4f8464f'),
  ('019cfc3a-e6ae-7555-8d31-5008539d17ab', '019cfc3a-e6ae-7555-8d31-5008539d17ab', '019cfc3b-03d8-732e-9d55-1e74ebff11dd'),
  ('019cfc3a-e6ae-7566-b871-b95b5aeebb1a', '019cfc3a-e6ae-7566-b871-b95b5aeebb1a', '019cfc3b-03d8-7340-8664-d8b5b646ef84'),
  ('019cfc3a-e6ae-7577-a525-ed370f8863f1', '019cfc3a-e6ae-7577-a525-ed370f8863f1', '019cfc3b-03d8-7350-b433-2aee587b1912'),
  ('019cfc3a-e6ae-7587-834d-13e53c2c90e0', '019cfc3a-e6ae-7587-834d-13e53c2c90e0', '019cfc3b-03d8-7361-9a9a-915783d54e1c'),
  ('019cfc3a-e6ae-7597-bb5d-19ca4dda8646', '019cfc3a-e6ae-7597-bb5d-19ca4dda8646', '019cfc3b-03d8-7371-9e2d-f3aa5ad324a9'),
  ('019d20e6-de36-71a5-9651-69e938c91a09', '019d20e6-de36-71a5-9651-69e938c91a09', '019cfde8-86d5-734d-add4-3f4fc05c1173'),
  ('019d20e7-2b3a-7260-8dea-2adb77cefaf8', '019d20e7-2b3a-7260-8dea-2adb77cefaf8', '019cfdee-854c-7472-b74c-3a33a8485cea'),
  ('019d1d01-32e2-77c6-948a-f4f114337a4b', '019d1d01-32e2-77c6-948a-f4f114337a4b', '019cfded-5ed2-7f73-80a1-9cfea07679c8'),
  ('019d20e7-1e9e-70d6-a37c-01288b77a1df', '019d20e7-1e9e-70d6-a37c-01288b77a1df', '019cfdf0-6c9d-76f1-ab80-f96bc3670fb0'),
  ('019d1bfd-bc5a-7c69-aa96-3572e31fc28c', '019d1bfd-bc5a-7c69-aa96-3572e31fc28c', '019d17a1-2723-733a-a21e-4630e4370046'),
  ('019d36db-d6d1-7187-8fff-de9550790327', '019d36db-d6d1-7187-8fff-de9550790327', '019d17a6-13f6-74f3-bcaa-6974580b57db'),
  ('019d39d5-4b44-7998-8b2c-b6ab6f67ace9', '019d39d5-4b44-7998-8b2c-b6ab6f67ace9', '019d1be8-3681-73b5-bf13-078b7e3c9096'),
  ('019d409c-e79b-73da-8bf0-a92c7813c6aa', '019d409c-e79b-73da-8bf0-a92c7813c6aa', '019d1bee-0857-793a-b76b-50b6ead8ddbb'),
  ('019d409d-809a-7cc7-9da8-890c704bdcc6', '019d409d-809a-7cc7-9da8-890c704bdcc6', '019d17ac-724a-732c-b83a-23cd257a74e5'),
  ('019d1bfe-f678-7062-91da-fa2b9c2ddbe6', '019d1bfe-f678-7062-91da-fa2b9c2ddbe6', '019d1bf8-97d5-79ac-929e-286838af5508'),
  ('019d409c-257e-7837-acd8-a7247a352263', '019d409c-257e-7837-acd8-a7247a352263', '019d1bfd-da4c-73d9-b2c9-a6c628b23bdd'),
  ('019d409a-bd07-7d46-a76c-2e12f44eb3fb', '019d409a-bd07-7d46-a76c-2e12f44eb3fb', '019d1c00-e58f-73c9-a402-a822d45df1f9'),
  ('019d271d-3bc8-7b9b-900b-4a070ee1c013', '019d271d-3bc8-7b9b-900b-4a070ee1c013', '019d1c0b-64ab-7160-8bd6-36dfdffb1210'),
  ('019d271d-892d-7aad-a425-802f4111cba4', '019d271d-892d-7aad-a425-802f4111cba4', '019d1c0e-5395-709b-a44a-b9b9bc85907b'),
  ('019d271d-ef38-78cb-88c0-8c5acf45b70f', '019d271d-ef38-78cb-88c0-8c5acf45b70f', '019d1c11-4999-78e3-9980-2298b44d436d'),
  ('019d271f-3089-78a6-9be8-bcd03d2c67f8', '019d271f-3089-78a6-9be8-bcd03d2c67f8', '019d1c23-7217-7141-8e0f-d21a9ed554f0'),
  ('019d271f-9586-7fd9-a722-867fb0a85f45', '019d271f-9586-7fd9-a722-867fb0a85f45', '019d1c22-1887-706e-82aa-9a552138fde7'),
  ('019d271f-e218-71b0-aeb2-6919275316ef', '019d271f-e218-71b0-aeb2-6919275316ef', '019d1c25-239d-7f37-aaea-9f4e485aa23d'),
  ('019d2720-2f90-7388-9b50-19f89cfcd488', '019d2720-2f90-7388-9b50-19f89cfcd488', '019d1c26-a105-7dbb-91c4-7219b21a7b25'),
  ('019d1d0d-2a12-77fd-95cd-d45001e9cea1', '019d1d0d-2a12-77fd-95cd-d45001e9cea1', '019cfc3b-03d6-74cf-adec-1dce41f631eb'),
  ('019d1d0d-2a12-78fd-af18-feca7f775db6', '019d1d0d-2a12-78fd-af18-feca7f775db6', '019cfc3b-03d5-768e-91cf-8ac59b20fb0e'),
  ('019d1d0d-2a12-7a5e-8494-300c8e8979b0', '019d1d0d-2a12-7a5e-8494-300c8e8979b0', '019cfc3b-03d6-74e0-bdbe-4aca898a0bbd'),
  ('019d1d0d-2a12-7b45-a304-272c5131be99', '019d1d0d-2a12-7b45-a304-272c5131be99', '019cfc3b-03d6-74f2-bcff-7bd89d0061f5'),
  ('019d1d0d-2a12-7c29-b2d4-d8116beb889c', '019d1d0d-2a12-7c29-b2d4-d8116beb889c', '019cfc3b-03d6-7502-b5c1-a9e422f91ac7'),
  ('019d39d5-5fdb-7865-9a18-f35ef763d762', '019d39d5-5fdb-7865-9a18-f35ef763d762', '019d1be8-3681-73b5-bf13-078b7e3c9096'),
  ('019d1d0d-2a12-7d05-aa0d-3e757c90def6', '019d1d0d-2a12-7d05-aa0d-3e757c90def6', '019cfc3b-03d6-7514-9347-be4597ff1eee'),
  ('019d1d0d-2a12-7eea-8534-4738787b8ee3', '019d1d0d-2a12-7eea-8534-4738787b8ee3', '019cfc3b-03d6-752a-adc5-19033009d65d'),
  ('019d1d0d-2a12-7fca-b18d-20870e5070f6', '019d1d0d-2a12-7fca-b18d-20870e5070f6', '019cfc3b-03d6-753c-9ec3-7cf48219b1e8'),
  ('019d1d0d-2a13-7187-bb9a-3d240d181f63', '019d1d0d-2a13-7187-bb9a-3d240d181f63', '019cfc3b-03d6-754e-a4de-ca223b302965'),
  ('019d1d0d-2a13-725e-bf19-d750818f5e29', '019d1d0d-2a13-725e-bf19-d750818f5e29', '019cfc3b-03d6-755e-8d42-32464c0bf236'),
  ('019d1d0d-2a13-732c-b0f5-67b22f750e16', '019d1d0d-2a13-732c-b0f5-67b22f750e16', '019cfc3b-03d6-7570-ac57-ad240fe24183'),
  ('019d1d0d-2a13-73fa-a275-c4328e51fc99', '019d1d0d-2a13-73fa-a275-c4328e51fc99', '019cfc3b-03d6-7581-bf1d-f627860d73b0'),
  ('019d1d0d-2a13-74fa-885f-59cf33778864', '019d1d0d-2a13-74fa-885f-59cf33778864', '019cfc3b-03d6-7592-be7d-af8b5a85a818'),
  ('019d1d0d-2a13-7608-a7ea-8df61acf411f', '019d1d0d-2a13-7608-a7ea-8df61acf411f', '019cfc3b-03d6-75a3-90b8-c82d7afdc00a'),
  ('019d1d0d-2a13-76de-a67e-0806fa6f4239', '019d1d0d-2a13-76de-a67e-0806fa6f4239', '019cfc3b-03d6-75d8-a0f7-c6fd8a35c6f9'),
  ('019d1d0d-2a13-77ad-8d8a-9b52e88749c8', '019d1d0d-2a13-77ad-8d8a-9b52e88749c8', '019cfc3b-03d6-75ee-922c-1e736369b5d4'),
  ('019d1d0d-2a13-787a-b3cb-e673420bae1f', '019d1d0d-2a13-787a-b3cb-e673420bae1f', '019cfc3b-03d6-7600-9bd2-f43441e40ace'),
  ('019d1d0d-2a13-7948-9867-57ec1faaf50c', '019d1d0d-2a13-7948-9867-57ec1faaf50c', '019cfc3b-03d8-7309-9eae-0ba9ba5967f3'),
  ('019d1d0d-2a13-7a28-ae18-018b7cb0a03b', '019d1d0d-2a13-7a28-ae18-018b7cb0a03b', '019cfc3b-03d8-731c-8957-4f2dc4f8464f'),
  ('019d1d0d-2a13-7b09-a64e-99353acec162', '019d1d0d-2a13-7b09-a64e-99353acec162', '019cfc3b-03d8-732e-9d55-1e74ebff11dd'),
  ('019d1d0d-2a13-7be0-a676-a11bf15d0ffd', '019d1d0d-2a13-7be0-a676-a11bf15d0ffd', '019cfc3b-03d8-7340-8664-d8b5b646ef84'),
  ('019d1d0d-2a13-7ce6-9913-9c01116eaf2a', '019d1d0d-2a13-7ce6-9913-9c01116eaf2a', '019cfc3b-03d8-7350-b433-2aee587b1912'),
  ('019d1d0d-2a13-7e04-8b8c-a1095cd91add', '019d1d0d-2a13-7e04-8b8c-a1095cd91add', '019cfc3b-03d8-7361-9a9a-915783d54e1c'),
  ('019d1d0d-2a13-7edd-9611-9407c5b8fef1', '019d1d0d-2a13-7edd-9611-9407c5b8fef1', '019cfc3b-03d8-7371-9e2d-f3aa5ad324a9'),
  ('019d1d0d-29d4-72a7-8cd5-45831f58077c', '019d1d0d-29d4-72a7-8cd5-45831f58077c', '019cfc3b-03d2-75a9-b281-305c0ec46c9c'),
  ('019d1d0d-29d4-73b4-86d4-949fe378c4d9', '019d1d0d-29d4-73b4-86d4-949fe378c4d9', '019cfc3b-03d1-7eb9-b5d5-588deb7bd4a7'),
  ('019d20e7-024e-7678-aab8-a4f3d4131f97', '019d20e7-024e-7678-aab8-a4f3d4131f97', '019cfde8-86d5-734d-add4-3f4fc05c1173'),
  ('019d1d0d-2a67-7a7d-aa5f-010de2d9c98e', '019d1d0d-2a67-7a7d-aa5f-010de2d9c98e', '019cfded-5ed2-7f73-80a1-9cfea07679c8'),
  ('019d20e7-6444-7354-9cbd-183bd5d123c2', '019d20e7-6444-7354-9cbd-183bd5d123c2', '019cfdee-854c-7472-b74c-3a33a8485cea'),
  ('019d1d0d-2a68-727a-af66-1191170bf46e', '019d1d0d-2a68-727a-af66-1191170bf46e', '019cfdf0-6c9d-76f1-ab80-f96bc3670fb0'),
  ('019d1d0d-2a68-7374-9c22-12476c20a361', '019d1d0d-2a68-7374-9c22-12476c20a361', '019d17a1-2723-733a-a21e-4630e4370046'),
  ('019d1d0d-2a68-746b-b5d0-cfa838348e4a', '019d1d0d-2a68-746b-b5d0-cfa838348e4a', '019d1bf8-97d5-79ac-929e-286838af5508'),
  ('019d271d-3bc8-7dd0-ae1e-8a1580674560', '019d271d-3bc8-7dd0-ae1e-8a1580674560', '019d1c0b-64ab-7160-8bd6-36dfdffb1210'),
  ('019d271d-9f3d-7ce9-87f2-582b0e12d488', '019d271d-9f3d-7ce9-87f2-582b0e12d488', '019d1c0e-5395-709b-a44a-b9b9bc85907b'),
  ('019d271e-df84-79cb-8252-b6b4167e1b84', '019d271e-df84-79cb-8252-b6b4167e1b84', '019d1c11-4999-78e3-9980-2298b44d436d'),
  ('019d271f-4aa4-7a61-bca4-6e01982a8bc4', '019d271f-4aa4-7a61-bca4-6e01982a8bc4', '019d1c23-7217-7141-8e0f-d21a9ed554f0'),
  ('019d271f-a485-7581-9ce9-5e89aed35676', '019d271f-a485-7581-9ce9-5e89aed35676', '019d1c22-1887-706e-82aa-9a552138fde7'),
  ('019d271f-ef5f-76af-a1a6-7c79e3c3a3e2', '019d271f-ef5f-76af-a1a6-7c79e3c3a3e2', '019d1c25-239d-7f37-aaea-9f4e485aa23d'),
  ('019d2720-47fb-7dc1-ab43-32dcbff73541', '019d2720-47fb-7dc1-ab43-32dcbff73541', '019d1c26-a105-7dbb-91c4-7219b21a7b25'),
  ('019d36dc-046c-7b55-8fe3-462863b2eaee', '019d36dc-046c-7b55-8fe3-462863b2eaee', '019d17a6-13f6-74f3-bcaa-6974580b57db'),
  ('019d409d-08e1-70e7-89b1-047ee4d16255', '019d409d-08e1-70e7-89b1-047ee4d16255', '019d1bee-0857-793a-b76b-50b6ead8ddbb'),
  ('019d409d-4b20-7525-ba78-33b069b9680c', '019d409d-4b20-7525-ba78-33b069b9680c', '019d17ac-724a-732c-b83a-23cd257a74e5'),
  ('019d409b-dd75-7be6-90ec-d14b3fbab031', '019d409b-dd75-7be6-90ec-d14b3fbab031', '019d1c00-e58f-73c9-a402-a822d45df1f9'),
  ('019d409c-4990-7567-9446-713149a13449', '019d409c-4990-7567-9446-713149a13449', '019d1bfd-da4c-73d9-b2c9-a6c628b23bdd'),
  ('019cfc3a-e6a8-714f-9498-bf3792f5d6db', '019cfc3a-e6a8-714f-9498-bf3792f5d6db', '019cfc3b-03d2-75a9-b281-305c0ec46c9c'),
  ('019cfc3a-e6a8-7159-b93e-18ee20e3a368', '019cfc3a-e6a8-7159-b93e-18ee20e3a368', '019cfc3b-03d1-7eb9-b5d5-588deb7bd4a7'),
  ('019cfc3a-e6a8-71f5-b5d9-80b0a04a1fd0', '019cfc3a-e6a8-71f5-b5d9-80b0a04a1fd0', '019cfc3b-03d6-74cf-adec-1dce41f631eb'),
  ('019cfc3a-e6a8-7257-8dab-d9ae87986048', '019cfc3a-e6a8-7257-8dab-d9ae87986048', '019cfc3b-03d5-768e-91cf-8ac59b20fb0e'),
  ('019cfc3a-e6a8-7265-b40f-501dff21daeb', '019cfc3a-e6a8-7265-b40f-501dff21daeb', '019cfc3b-03d6-74e0-bdbe-4aca898a0bbd'),
  ('019cfc3a-e6aa-709e-b5a2-845a1d93b36d', '019cfc3a-e6aa-709e-b5a2-845a1d93b36d', '019cfc3b-03d6-74f2-bcff-7bd89d0061f5'),
  ('019cfc3a-e6a8-726f-bc07-24be5ea16d8f', '019cfc3a-e6a8-726f-bc07-24be5ea16d8f', '019cfc3b-03d6-7502-b5c1-a9e422f91ac7'),
  ('019cfc3a-e6a8-727a-b219-b887318ae5b5', '019cfc3a-e6a8-727a-b219-b887318ae5b5', '019cfc3b-03d6-7514-9347-be4597ff1eee'),
  ('019cfc3a-e6a8-7285-b3e5-488a2dbdea7d', '019cfc3a-e6a8-7285-b3e5-488a2dbdea7d', '019cfc3b-03d6-752a-adc5-19033009d65d'),
  ('019cfc3a-e6aa-7071-b259-94bb4f849c3f', '019cfc3a-e6aa-7071-b259-94bb4f849c3f', '019cfc3b-03d6-753c-9ec3-7cf48219b1e8'),
  ('019cfc3a-e6ab-7ec3-8690-caded282a194', '019cfc3a-e6ab-7ec3-8690-caded282a194', '019cfc3b-03d6-754e-a4de-ca223b302965'),
  ('019cfc3a-e6a8-728f-ae7c-bac19061fe18', '019cfc3a-e6a8-728f-ae7c-bac19061fe18', '019cfc3b-03d6-755e-8d42-32464c0bf236'),
  ('019cfc3a-e6a8-7299-9f2d-55db1c8ef1bc', '019cfc3a-e6a8-7299-9f2d-55db1c8ef1bc', '019cfc3b-03d6-7570-ac57-ad240fe24183'),
  ('019cfc3a-e6a8-72a3-8da4-a235300c7c58', '019cfc3a-e6a8-72a3-8da4-a235300c7c58', '019cfc3b-03d6-7581-bf1d-f627860d73b0'),
  ('019cfc3a-e6a8-72ad-a3a3-f547137cc52d', '019cfc3a-e6a8-72ad-a3a3-f547137cc52d', '019cfc3b-03d6-7592-be7d-af8b5a85a818'),
  ('019cfc3a-e6a8-72cc-9c70-4f809d2600b6', '019cfc3a-e6a8-72cc-9c70-4f809d2600b6', '019cfc3b-03d6-75a3-90b8-c82d7afdc00a'),
  ('019cfc3a-e6a8-72d7-a5f0-2ab7097bce41', '019cfc3a-e6a8-72d7-a5f0-2ab7097bce41', '019cfc3b-03d6-75d8-a0f7-c6fd8a35c6f9'),
  ('019cfc3a-e6a8-72e2-94d6-3dc1299e526f', '019cfc3a-e6a8-72e2-94d6-3dc1299e526f', '019cfc3b-03d6-75ee-922c-1e736369b5d4'),
  ('019cfc3a-e6ab-7ed4-9f9c-52aadb63fbd5', '019cfc3a-e6ab-7ed4-9f9c-52aadb63fbd5', '019cfc3b-03d6-7600-9bd2-f43441e40ace'),
  ('019cfc3a-e6a8-72ec-a92b-a874aa5b09aa', '019cfc3a-e6a8-72ec-a92b-a874aa5b09aa', '019cfc3b-03d8-7309-9eae-0ba9ba5967f3'),
  ('019cfc3a-e6ab-7ee2-9376-a79c13377511', '019cfc3a-e6ab-7ee2-9376-a79c13377511', '019cfc3b-03d8-731c-8957-4f2dc4f8464f'),
  ('019cfc3a-e6a8-72f7-8be8-a360f69d985e', '019cfc3a-e6a8-72f7-8be8-a360f69d985e', '019cfc3b-03d8-732e-9d55-1e74ebff11dd'),
  ('019cfc3a-e6ab-7ef2-898a-7eccb5b0aa72', '019cfc3a-e6ab-7ef2-898a-7eccb5b0aa72', '019cfc3b-03d8-7340-8664-d8b5b646ef84'),
  ('019cfc3a-e6aa-7080-a814-eb7bec8d81cc', '019cfc3a-e6aa-7080-a814-eb7bec8d81cc', '019cfc3b-03d8-7350-b433-2aee587b1912'),
  ('019cfc3a-e6ab-7f00-a2f0-aedeb1604fd2', '019cfc3a-e6ab-7f00-a2f0-aedeb1604fd2', '019cfc3b-03d8-7361-9a9a-915783d54e1c'),
  ('019cfc3a-e6aa-708f-bb8b-9665f0c1c436', '019cfc3a-e6aa-708f-bb8b-9665f0c1c436', '019cfc3b-03d8-7371-9e2d-f3aa5ad324a9'),
  ('019d20e6-aa4c-70f9-908f-02f7610971ed', '019d20e6-aa4c-70f9-908f-02f7610971ed', '019cfde8-86d5-734d-add4-3f4fc05c1173'),
  ('019d1d01-13e8-7e85-b60c-96c589e3efa2', '019d1d01-13e8-7e85-b60c-96c589e3efa2', '019cfded-5ed2-7f73-80a1-9cfea07679c8'),
  ('019d20e6-639d-7de2-a3f4-345b222add3e', '019d20e6-639d-7de2-a3f4-345b222add3e', '019cfdee-854c-7472-b74c-3a33a8485cea'),
  ('019d271d-3bc8-715b-a631-c098461c9605', '019d271d-3bc8-715b-a631-c098461c9605', '019d1c0b-64ab-7160-8bd6-36dfdffb1210'),
  ('019d271d-71ad-74f6-a38d-54b605523b7a', '019d271d-71ad-74f6-a38d-54b605523b7a', '019d1c0e-5395-709b-a44a-b9b9bc85907b'),
  ('019d271d-d6ff-7448-820a-e599e9fda7be', '019d271d-d6ff-7448-820a-e599e9fda7be', '019d1c11-4999-78e3-9980-2298b44d436d'),
  ('019d271f-192c-7787-a80e-4fc1474500cd', '019d271f-192c-7787-a80e-4fc1474500cd', '019d1c23-7217-7141-8e0f-d21a9ed554f0'),
  ('019d271f-7fc7-70d1-9cfb-2f0cefff16ce', '019d271f-7fc7-70d1-9cfb-2f0cefff16ce', '019d1c22-1887-706e-82aa-9a552138fde7'),
  ('019d271f-cd56-7c76-8451-331fc5b2ee4e', '019d271f-cd56-7c76-8451-331fc5b2ee4e', '019d1c25-239d-7f37-aaea-9f4e485aa23d'),
  ('019d2720-1f9c-713c-8301-5d1e15e8e3a3', '019d2720-1f9c-713c-8301-5d1e15e8e3a3', '019d1c26-a105-7dbb-91c4-7219b21a7b25'),
  ('019d1d01-9246-740b-839c-b88fd4ca9361', '019d1d01-9246-740b-839c-b88fd4ca9361', '019cfdf0-6c9d-76f1-ab80-f96bc3670fb0'),
  ('019d1bfd-b2ca-73a3-a04c-d048f205a2cf', '019d1bfd-b2ca-73a3-a04c-d048f205a2cf', '019d17a1-2723-733a-a21e-4630e4370046'),
  ('019d36db-b14b-73b7-a66a-d9de0f66dd33', '019d36db-b14b-73b7-a66a-d9de0f66dd33', '019d17a6-13f6-74f3-bcaa-6974580b57db'),
  ('019d39d5-3cb0-768f-b6ab-e207ec9d4b82', '019d39d5-3cb0-768f-b6ab-e207ec9d4b82', '019d1be8-3681-73b5-bf13-078b7e3c9096'),
  ('019d409c-d90e-71a9-af57-66e5972fcac1', '019d409c-d90e-71a9-af57-66e5972fcac1', '019d1bee-0857-793a-b76b-50b6ead8ddbb'),
  ('019d409d-71c9-72c1-852e-c4cd636fcaae', '019d409d-71c9-72c1-852e-c4cd636fcaae', '019d17ac-724a-732c-b83a-23cd257a74e5'),
  ('019d1bfe-e71d-79d0-af05-2c26f2bc5be7', '019d1bfe-e71d-79d0-af05-2c26f2bc5be7', '019d1bf8-97d5-79ac-929e-286838af5508'),
  ('019d409a-acc8-72be-bbea-7495802c2f6d', '019d409a-acc8-72be-bbea-7495802c2f6d', '019d1c00-e58f-73c9-a402-a822d45df1f9'),
  ('019d409c-1555-7f70-8f25-e86f84b0cd98', '019d409c-1555-7f70-8f25-e86f84b0cd98', '019d1bfd-da4c-73d9-b2c9-a6c628b23bdd');

INSERT INTO marketplace_snapshots (id, variant_id, recorded_at, market_cents, low_cents, mid_cents, high_cents, trend_cents, avg1_cents, avg7_cents, avg30_cents) VALUES
  ('019d94df-fddf-7d63-bc6c-650b79e04a19', '019cfc3a-e6a8-714f-9498-bf3792f5d6db', '2026-04-15T20:00:22.000Z', 15, 5, 25, 3100, NULL, NULL, NULL, NULL),
  ('019d9a06-5973-77c8-b927-be6829ffd22c', '019cfc3a-e6a8-714f-9498-bf3792f5d6db', '2026-04-16T20:00:25.000Z', 16, 1, 25, 3100, NULL, NULL, NULL, NULL),
  ('019d9f2c-b56f-7c86-b2a8-d3df0d370c8e', '019cfc3a-e6a8-714f-9498-bf3792f5d6db', '2026-04-17T20:00:20.000Z', 15, 1, 25, 1580, NULL, NULL, NULL, NULL),
  ('019da453-11e4-7570-b174-66d9fa8322f5', '019cfc3a-e6a8-714f-9498-bf3792f5d6db', '2026-04-18T20:00:19.000Z', 15, 1, 25, 1580, NULL, NULL, NULL, NULL),
  ('019da979-6d79-7fb4-9f11-ae45b489e8b5', '019cfc3a-e6a8-714f-9498-bf3792f5d6db', '2026-04-19T20:00:19.000Z', 15, 3, 25, 1580, NULL, NULL, NULL, NULL),
  ('019d94df-fddf-7dfb-ac79-b85a52c8d32b', '019cfc3a-e6a8-7159-b93e-18ee20e3a368', '2026-04-15T20:00:22.000Z', 850, 755, 1075, 9990, NULL, NULL, NULL, NULL),
  ('019d9a06-5973-78e3-bec5-10838f584f6e', '019cfc3a-e6a8-7159-b93e-18ee20e3a368', '2026-04-16T20:00:25.000Z', 839, 755, 1075, 9990, NULL, NULL, NULL, NULL),
  ('019d9f2c-b56f-7d78-bbe0-f427d6fd4743', '019cfc3a-e6a8-7159-b93e-18ee20e3a368', '2026-04-17T20:00:20.000Z', 832, 600, 1011, 9990, NULL, NULL, NULL, NULL),
  ('019da453-11e4-7646-ad32-0f1949676bd2', '019cfc3a-e6a8-7159-b93e-18ee20e3a368', '2026-04-18T20:00:19.000Z', 834, 600, 1004, 9990, NULL, NULL, NULL, NULL),
  ('019da979-6d7a-7119-897d-226a6540bb86', '019cfc3a-e6a8-7159-b93e-18ee20e3a368', '2026-04-19T20:00:19.000Z', 811, 499, 1023, 9990, NULL, NULL, NULL, NULL),
  ('019d94df-fe56-7630-b578-6a684794b8e5', '019cfc3a-e6a8-71f5-b5d9-80b0a04a1fd0', '2026-04-15T20:00:20.000Z', 304, 299, 381, 1000, NULL, NULL, NULL, NULL),
  ('019d9a06-5a16-726c-bc6f-39a6fa86e8ac', '019cfc3a-e6a8-71f5-b5d9-80b0a04a1fd0', '2026-04-16T20:00:22.000Z', 301, 299, 379, 1000, NULL, NULL, NULL, NULL),
  ('019d9f2c-b5e7-79cb-88fd-9604094fc6dd', '019cfc3a-e6a8-71f5-b5d9-80b0a04a1fd0', '2026-04-17T20:00:17.000Z', 301, 280, 380, 1000, NULL, NULL, NULL, NULL),
  ('019da453-1283-7d31-b8a8-d55db2eb1052', '019cfc3a-e6a8-71f5-b5d9-80b0a04a1fd0', '2026-04-18T20:00:14.000Z', 298, 280, 374, 1000, NULL, NULL, NULL, NULL),
  ('019da979-6e0e-744d-aea6-d15b1df0667c', '019cfc3a-e6a8-71f5-b5d9-80b0a04a1fd0', '2026-04-19T20:00:16.000Z', 298, 280, 371, 1000, NULL, NULL, NULL, NULL),
  ('019d94df-fe56-77ca-938a-c8ec1fd2c42f', '019cfc3a-e6a8-7257-8dab-d9ae87986048', '2026-04-15T20:00:20.000Z', 54, 35, 55, 400, NULL, NULL, NULL, NULL),
  ('019d9a06-5a16-73de-a4ee-11ba9e64bba6', '019cfc3a-e6a8-7257-8dab-d9ae87986048', '2026-04-16T20:00:22.000Z', 54, 35, 55, 400, NULL, NULL, NULL, NULL),
  ('019d9f2c-b5e7-7ade-bb1e-0bcf486e8253', '019cfc3a-e6a8-7257-8dab-d9ae87986048', '2026-04-17T20:00:17.000Z', 55, 35, 57, 400, NULL, NULL, NULL, NULL),
  ('019da453-1283-7eb9-9948-944b0d88cfa8', '019cfc3a-e6a8-7257-8dab-d9ae87986048', '2026-04-18T20:00:14.000Z', 55, 35, 56, 400, NULL, NULL, NULL, NULL),
  ('019da979-6e0e-7650-8f83-0b9e33b6bce0', '019cfc3a-e6a8-7257-8dab-d9ae87986048', '2026-04-19T20:00:16.000Z', 55, 35, 57, 400, NULL, NULL, NULL, NULL),
  ('019d94df-fe56-7957-b67a-e7436c6bc516', '019cfc3a-e6a8-7265-b40f-501dff21daeb', '2026-04-15T20:00:20.000Z', 160, 89, 174, 375, NULL, NULL, NULL, NULL),
  ('019d9a06-5a16-750d-b477-487abb511814', '019cfc3a-e6a8-7265-b40f-501dff21daeb', '2026-04-16T20:00:22.000Z', 160, 89, 181, 375, NULL, NULL, NULL, NULL),
  ('019d9f2c-b5e7-7be0-9a07-806792e4193c', '019cfc3a-e6a8-7265-b40f-501dff21daeb', '2026-04-17T20:00:17.000Z', 158, 89, 181, 375, NULL, NULL, NULL, NULL),
  ('019da453-1284-708d-84af-21e4da036776', '019cfc3a-e6a8-7265-b40f-501dff21daeb', '2026-04-18T20:00:14.000Z', 152, 87, 181, 375, NULL, NULL, NULL, NULL),
  ('019da979-6e0e-77ca-b2e0-968541486847', '019cfc3a-e6a8-7265-b40f-501dff21daeb', '2026-04-19T20:00:16.000Z', 152, 87, 181, 375, NULL, NULL, NULL, NULL),
  ('019d94df-fe56-7bce-801f-e7bd67943629', '019cfc3a-e6a8-726f-bc07-24be5ea16d8f', '2026-04-15T20:00:20.000Z', 36, 20, 42, 340, NULL, NULL, NULL, NULL),
  ('019d9a06-5a16-7744-9eae-54713347389f', '019cfc3a-e6a8-726f-bc07-24be5ea16d8f', '2026-04-16T20:00:22.000Z', 36, 20, 42, 340, NULL, NULL, NULL, NULL),
  ('019d9f2c-b5e7-7de8-99d0-7e6a8032721e', '019cfc3a-e6a8-726f-bc07-24be5ea16d8f', '2026-04-17T20:00:17.000Z', 35, 20, 42, 340, NULL, NULL, NULL, NULL),
  ('019da453-1284-739c-9a51-8387d9d39702', '019cfc3a-e6a8-726f-bc07-24be5ea16d8f', '2026-04-18T20:00:14.000Z', 34, 20, 42, 340, NULL, NULL, NULL, NULL),
  ('019da979-6e0e-7a3a-b666-2c094a20c143', '019cfc3a-e6a8-726f-bc07-24be5ea16d8f', '2026-04-19T20:00:16.000Z', 34, 20, 41, 340, NULL, NULL, NULL, NULL),
  ('019d94df-fe56-7cb0-9d8d-92b27cd0a720', '019cfc3a-e6a8-727a-b219-b887318ae5b5', '2026-04-15T20:00:20.000Z', 175, 139, 193, 500, NULL, NULL, NULL, NULL),
  ('019d9a06-5a16-77d6-85f2-9ae590529428', '019cfc3a-e6a8-727a-b219-b887318ae5b5', '2026-04-16T20:00:22.000Z', 175, 137, 184, 500, NULL, NULL, NULL, NULL),
  ('019d9f2c-b5e7-7e7b-aa4e-430a6da32ca3', '019cfc3a-e6a8-727a-b219-b887318ae5b5', '2026-04-17T20:00:17.000Z', 174, 138, 193, 500, NULL, NULL, NULL, NULL),
  ('019da453-1284-748d-9bca-95955a362a2c', '019cfc3a-e6a8-727a-b219-b887318ae5b5', '2026-04-18T20:00:14.000Z', 173, 138, 183, 500, NULL, NULL, NULL, NULL),
  ('019da979-6e0e-7b16-ab89-d1040593afc5', '019cfc3a-e6a8-727a-b219-b887318ae5b5', '2026-04-19T20:00:16.000Z', 172, 139, 188, 500, NULL, NULL, NULL, NULL),
  ('019d94df-fe56-7e47-a0a0-d7af69d18789', '019cfc3a-e6a8-7285-b3e5-488a2dbdea7d', '2026-04-15T20:00:20.000Z', 139, 70, 147, 495, NULL, NULL, NULL, NULL),
  ('019d9a06-5a16-78e5-bd34-5fbe88f5aa46', '019cfc3a-e6a8-7285-b3e5-488a2dbdea7d', '2026-04-16T20:00:22.000Z', 138, 70, 147, 524, NULL, NULL, NULL, NULL),
  ('019d9f2c-b5e8-7011-97e6-824793d290fa', '019cfc3a-e6a8-7285-b3e5-488a2dbdea7d', '2026-04-17T20:00:17.000Z', 138, 70, 148, 524, NULL, NULL, NULL, NULL),
  ('019da453-1284-764c-8b15-600feb794944', '019cfc3a-e6a8-7285-b3e5-488a2dbdea7d', '2026-04-18T20:00:14.000Z', 138, 70, 147, 524, NULL, NULL, NULL, NULL),
  ('019da979-6e0e-7c8e-bd39-76a42f83f8ff', '019cfc3a-e6a8-7285-b3e5-488a2dbdea7d', '2026-04-19T20:00:16.000Z', 138, 70, 147, 524, NULL, NULL, NULL, NULL),
  ('019d94df-fe57-72f2-9a6b-582d5ee769d3', '019cfc3a-e6a8-728f-ae7c-bac19061fe18', '2026-04-15T20:00:20.000Z', 578, 499, 680, 1400, NULL, NULL, NULL, NULL),
  ('019d9a06-5a16-7c5d-b68c-465e7ac5f8eb', '019cfc3a-e6a8-728f-ae7c-bac19061fe18', '2026-04-16T20:00:22.000Z', 578, 499, 665, 1400, NULL, NULL, NULL, NULL),
  ('019d9f2c-b5e8-73b4-a503-8b21b3892cd6', '019cfc3a-e6a8-728f-ae7c-bac19061fe18', '2026-04-17T20:00:17.000Z', 569, 499, 654, 1400, NULL, NULL, NULL, NULL),
  ('019da453-1284-7a81-ad2d-468aeada97fe', '019cfc3a-e6a8-728f-ae7c-bac19061fe18', '2026-04-18T20:00:14.000Z', 544, 495, 656, 1400, NULL, NULL, NULL, NULL),
  ('019da979-6e0f-71b9-bd83-946030602766', '019cfc3a-e6a8-728f-ae7c-bac19061fe18', '2026-04-19T20:00:16.000Z', 542, 351, 655, 1400, NULL, NULL, NULL, NULL),
  ('019d94df-fe57-74c8-a525-1e0adfca954a', '019cfc3a-e6a8-7299-9f2d-55db1c8ef1bc', '2026-04-15T20:00:20.000Z', 2904, 2650, 3320, 9500, NULL, NULL, NULL, NULL),
  ('019d9a06-5a16-7f30-9cb5-88880960a90a', '019cfc3a-e6a8-7299-9f2d-55db1c8ef1bc', '2026-04-16T20:00:22.000Z', 2880, 1800, 3168, 9500, NULL, NULL, NULL, NULL),
  ('019d9f2c-b5e8-7514-9f4c-9aeab4a50a8d', '019cfc3a-e6a8-7299-9f2d-55db1c8ef1bc', '2026-04-17T20:00:17.000Z', 2602, 1100, 2899, 9500, NULL, NULL, NULL, NULL),
  ('019da453-1284-7bde-8ce5-263df621d7d5', '019cfc3a-e6a8-7299-9f2d-55db1c8ef1bc', '2026-04-18T20:00:14.000Z', 1844, 766, 2849, 9500, NULL, NULL, NULL, NULL),
  ('019da979-6e0f-7341-b2e4-bf09994ffc01', '019cfc3a-e6a8-7299-9f2d-55db1c8ef1bc', '2026-04-19T20:00:16.000Z', 1166, 788, 2850, 9500, NULL, NULL, NULL, NULL),
  ('019d94df-fe57-75b2-9b76-05b08b82ec3d', '019cfc3a-e6a8-72a3-8da4-a235300c7c58', '2026-04-15T20:00:20.000Z', 386, 340, 472, 1887, NULL, NULL, NULL, NULL),
  ('019d9a06-5a17-7160-8f65-c02cc168e216', '019cfc3a-e6a8-72a3-8da4-a235300c7c58', '2026-04-16T20:00:22.000Z', 386, 340, 462, 1887, NULL, NULL, NULL, NULL),
  ('019d9f2c-b5e8-75ba-b590-c8a05c9763b0', '019cfc3a-e6a8-72a3-8da4-a235300c7c58', '2026-04-17T20:00:17.000Z', 386, 340, 450, 1887, NULL, NULL, NULL, NULL),
  ('019da453-1284-7cbd-acde-5346cb205760', '019cfc3a-e6a8-72a3-8da4-a235300c7c58', '2026-04-18T20:00:14.000Z', 386, 340, 449, 1887, NULL, NULL, NULL, NULL),
  ('019da979-6e0f-742e-a8aa-a712e275d7db', '019cfc3a-e6a8-72a3-8da4-a235300c7c58', '2026-04-19T20:00:16.000Z', 378, 346, 448, 1887, NULL, NULL, NULL, NULL),
  ('019d94df-fe57-7731-810c-78d757978ca5', '019cfc3a-e6a8-72ad-a3a3-f547137cc52d', '2026-04-15T20:00:20.000Z', 235, 148, 246, 585, NULL, NULL, NULL, NULL),
  ('019d9a06-5a17-738b-a2e5-d4c9869f6e85', '019cfc3a-e6a8-72ad-a3a3-f547137cc52d', '2026-04-16T20:00:22.000Z', 229, 148, 247, 585, NULL, NULL, NULL, NULL),
  ('019d9f2c-b5e8-76db-999c-68a420d0df7d', '019cfc3a-e6a8-72ad-a3a3-f547137cc52d', '2026-04-17T20:00:17.000Z', 233, 145, 246, 585, NULL, NULL, NULL, NULL),
  ('019da453-1284-7e45-aa99-20e2f8d88695', '019cfc3a-e6a8-72ad-a3a3-f547137cc52d', '2026-04-18T20:00:14.000Z', 233, 145, 244, 585, NULL, NULL, NULL, NULL),
  ('019da979-6e0f-75f4-9268-624a2b7113b4', '019cfc3a-e6a8-72ad-a3a3-f547137cc52d', '2026-04-19T20:00:16.000Z', 230, 148, 245, 585, NULL, NULL, NULL, NULL),
  ('019d94df-fe57-78e5-a22a-f745cf5c6bae', '019cfc3a-e6a8-72cc-9c70-4f809d2600b6', '2026-04-15T20:00:20.000Z', 806, 699, 1000, 99900, NULL, NULL, NULL, NULL),
  ('019d9a06-5a17-77fb-9abe-5e0c45404ac4', '019cfc3a-e6a8-72cc-9c70-4f809d2600b6', '2026-04-16T20:00:22.000Z', 804, 699, 951, 99900, NULL, NULL, NULL, NULL),
  ('019d9f2c-b5e8-786c-8718-710734b976dd', '019cfc3a-e6a8-72cc-9c70-4f809d2600b6', '2026-04-17T20:00:17.000Z', 786, 584, 900, 99900, NULL, NULL, NULL, NULL),
  ('019da453-1284-7fc0-a5ca-fa8bc9278be4', '019cfc3a-e6a8-72cc-9c70-4f809d2600b6', '2026-04-18T20:00:14.000Z', 799, 584, 900, 99900, NULL, NULL, NULL, NULL),
  ('019da979-6e0f-77a2-b6df-c51efb013a99', '019cfc3a-e6a8-72cc-9c70-4f809d2600b6', '2026-04-19T20:00:16.000Z', 778, 699, 899, 99900, NULL, NULL, NULL, NULL),
  ('019d94df-fe57-79e6-96f6-c53300eb18a8', '019cfc3a-e6a8-72d7-a5f0-2ab7097bce41', '2026-04-15T20:00:20.000Z', 442, 365, 482, 1298, NULL, NULL, NULL, NULL),
  ('019d9a06-5a17-7966-ab74-e744c08cb554', '019cfc3a-e6a8-72d7-a5f0-2ab7097bce41', '2026-04-16T20:00:22.000Z', 437, 365, 489, 1298, NULL, NULL, NULL, NULL),
  ('019d9f2c-b5e8-794c-8426-3fe690b0dd55', '019cfc3a-e6a8-72d7-a5f0-2ab7097bce41', '2026-04-17T20:00:17.000Z', 432, 365, 482, 1298, NULL, NULL, NULL, NULL),
  ('019da453-1285-7106-b321-e6ebcfe69d11', '019cfc3a-e6a8-72d7-a5f0-2ab7097bce41', '2026-04-18T20:00:14.000Z', 426, 365, 480, 1298, NULL, NULL, NULL, NULL),
  ('019da979-6e0f-78a0-954c-cb8f296bd813', '019cfc3a-e6a8-72d7-a5f0-2ab7097bce41', '2026-04-19T20:00:16.000Z', 417, 368, 480, 1298, NULL, NULL, NULL, NULL),
  ('019d94df-fe57-7b59-9a22-6c1bb63e1700', '019cfc3a-e6a8-72e2-94d6-3dc1299e526f', '2026-04-15T20:00:20.000Z', 31, 22, 35, 167, NULL, NULL, NULL, NULL),
  ('019d9a06-5a17-7b12-be93-294193da37db', '019cfc3a-e6a8-72e2-94d6-3dc1299e526f', '2026-04-16T20:00:22.000Z', 31, 22, 35, 224, NULL, NULL, NULL, NULL),
  ('019d9f2c-b5e8-7a81-ae72-f531cbe5e9dd', '019cfc3a-e6a8-72e2-94d6-3dc1299e526f', '2026-04-17T20:00:17.000Z', 31, 22, 35, 224, NULL, NULL, NULL, NULL),
  ('019da453-1285-726e-ab31-5820b683463a', '019cfc3a-e6a8-72e2-94d6-3dc1299e526f', '2026-04-18T20:00:14.000Z', 31, 22, 35, 224, NULL, NULL, NULL, NULL),
  ('019da979-6e0f-7a0d-9466-236abd0764af', '019cfc3a-e6a8-72e2-94d6-3dc1299e526f', '2026-04-19T20:00:16.000Z', 31, 22, 35, 224, NULL, NULL, NULL, NULL),
  ('019d94df-fe57-7e22-aa1c-ae7e6c01ca9c', '019cfc3a-e6a8-72ec-a92b-a874aa5b09aa', '2026-04-15T20:00:20.000Z', 169, 100, 200, 99900, NULL, NULL, NULL, NULL),
  ('019d9a06-5a17-7f93-abfa-952d665897f3', '019cfc3a-e6a8-72ec-a92b-a874aa5b09aa', '2026-04-16T20:00:22.000Z', 164, 100, 225, 99900, NULL, NULL, NULL, NULL),
  ('019d9f2c-b5e8-7d41-9626-55db3830bec7', '019cfc3a-e6a8-72ec-a92b-a874aa5b09aa', '2026-04-17T20:00:17.000Z', 164, 100, 221, 99900, NULL, NULL, NULL, NULL),
  ('019da453-1285-75d3-8b45-f5cd1b5547a7', '019cfc3a-e6a8-72ec-a92b-a874aa5b09aa', '2026-04-18T20:00:14.000Z', 168, 100, 210, 99900, NULL, NULL, NULL, NULL),
  ('019da979-6e0f-7cf9-a70c-3066350c9e17', '019cfc3a-e6a8-72ec-a92b-a874aa5b09aa', '2026-04-19T20:00:16.000Z', 169, 100, 209, 99900, NULL, NULL, NULL, NULL),
  ('019d94df-fe58-71ce-bd9e-c5e92d4d0a12', '019cfc3a-e6a8-72f7-8be8-a360f69d985e', '2026-04-15T20:00:20.000Z', 155, 97, 155, 750, NULL, NULL, NULL, NULL),
  ('019d9a06-5a18-7321-a1b6-18ab91c8b15e', '019cfc3a-e6a8-72f7-8be8-a360f69d985e', '2026-04-16T20:00:22.000Z', 152, 111, 157, 750, NULL, NULL, NULL, NULL),
  ('019d9f2c-b5e9-7076-8642-f50da2903c25', '019cfc3a-e6a8-72f7-8be8-a360f69d985e', '2026-04-17T20:00:17.000Z', 153, 111, 154, 750, NULL, NULL, NULL, NULL),
  ('019da453-1285-78d3-b6c1-0ef2a24b5cfb', '019cfc3a-e6a8-72f7-8be8-a360f69d985e', '2026-04-18T20:00:14.000Z', 153, 111, 153, 750, NULL, NULL, NULL, NULL),
  ('019da979-6e10-7017-8e57-91a183336254', '019cfc3a-e6a8-72f7-8be8-a360f69d985e', '2026-04-19T20:00:16.000Z', 148, 111, 154, 750, NULL, NULL, NULL, NULL),
  ('019d94df-fe56-7fb9-97e2-d543c94a9b1a', '019cfc3a-e6aa-7071-b259-94bb4f849c3f', '2026-04-15T20:00:20.000Z', 63, 35, 63, 99900, NULL, NULL, NULL, NULL),
  ('019d9a06-5a16-7a2f-8f70-f685564ba1c2', '019cfc3a-e6aa-7071-b259-94bb4f849c3f', '2026-04-16T20:00:22.000Z', 63, 35, 63, 99900, NULL, NULL, NULL, NULL),
  ('019d9f2c-b5e8-71d2-97db-cc3d6d572465', '019cfc3a-e6aa-7071-b259-94bb4f849c3f', '2026-04-17T20:00:17.000Z', 63, 35, 63, 99900, NULL, NULL, NULL, NULL),
  ('019da453-1284-77d0-aecf-08aba575378b', '019cfc3a-e6aa-7071-b259-94bb4f849c3f', '2026-04-18T20:00:14.000Z', 55, 35, 63, 99900, NULL, NULL, NULL, NULL),
  ('019da979-6e0e-7e05-8f9d-af9c408c0643', '019cfc3a-e6aa-7071-b259-94bb4f849c3f', '2026-04-19T20:00:16.000Z', 55, 35, 63, 99900, NULL, NULL, NULL, NULL),
  ('019d94df-fe58-746b-a157-66cabce6ad70', '019cfc3a-e6aa-7080-a814-eb7bec8d81cc', '2026-04-15T20:00:20.000Z', 302, 249, 316, 99900, NULL, NULL, NULL, NULL),
  ('019d9a06-5a18-74fa-81b7-0e06e09ead9f', '019cfc3a-e6aa-7080-a814-eb7bec8d81cc', '2026-04-16T20:00:22.000Z', 302, 249, 316, 99900, NULL, NULL, NULL, NULL),
  ('019d9f2c-b5e9-72f0-990c-e58efec6484d', '019cfc3a-e6aa-7080-a814-eb7bec8d81cc', '2026-04-17T20:00:17.000Z', 303, 224, 318, 99900, NULL, NULL, NULL, NULL),
  ('019da453-1285-7c45-a833-f917263d03a0', '019cfc3a-e6aa-7080-a814-eb7bec8d81cc', '2026-04-18T20:00:14.000Z', 307, 224, 315, 99900, NULL, NULL, NULL, NULL),
  ('019da979-6e10-72f1-9c1b-4405653ec78c', '019cfc3a-e6aa-7080-a814-eb7bec8d81cc', '2026-04-19T20:00:16.000Z', 303, 224, 314, 99900, NULL, NULL, NULL, NULL),
  ('019d94df-fe58-7657-801f-ac0f6a7908fe', '019cfc3a-e6aa-708f-bb8b-9665f0c1c436', '2026-04-15T20:00:20.000Z', 105, 50, 105, 99900, NULL, NULL, NULL, NULL),
  ('019d9a06-5a18-76a6-902d-927cdb7ba645', '019cfc3a-e6aa-708f-bb8b-9665f0c1c436', '2026-04-16T20:00:22.000Z', 105, 50, 105, 99900, NULL, NULL, NULL, NULL),
  ('019d9f2c-b5e9-74a9-b205-02774df44f23', '019cfc3a-e6aa-708f-bb8b-9665f0c1c436', '2026-04-17T20:00:17.000Z', 105, 50, 105, 99900, NULL, NULL, NULL, NULL),
  ('019da453-1285-7e8f-9952-81d206154a7e', '019cfc3a-e6aa-708f-bb8b-9665f0c1c436', '2026-04-18T20:00:14.000Z', 107, 50, 105, 99900, NULL, NULL, NULL, NULL),
  ('019da979-6e10-75d9-97ab-2a5a6e2b8374', '019cfc3a-e6aa-708f-bb8b-9665f0c1c436', '2026-04-19T20:00:16.000Z', 107, 50, 105, 99900, NULL, NULL, NULL, NULL),
  ('019d94df-fe56-7ac7-8673-f58c1c438bcc', '019cfc3a-e6aa-709e-b5a2-845a1d93b36d', '2026-04-15T20:00:20.000Z', 174, 125, 186, 395, NULL, NULL, NULL, NULL),
  ('019d9a06-5a16-7644-9824-c4005f409a76', '019cfc3a-e6aa-709e-b5a2-845a1d93b36d', '2026-04-16T20:00:22.000Z', 172, 135, 200, 449, NULL, NULL, NULL, NULL),
  ('019d9f2c-b5e7-7cd6-b55f-3f70cb072a41', '019cfc3a-e6aa-709e-b5a2-845a1d93b36d', '2026-04-17T20:00:17.000Z', 172, 135, 193, 449, NULL, NULL, NULL, NULL),
  ('019da453-1284-722a-8902-17afa4d952bd', '019cfc3a-e6aa-709e-b5a2-845a1d93b36d', '2026-04-18T20:00:14.000Z', 172, 135, 193, 449, NULL, NULL, NULL, NULL),
  ('019da979-6e0e-7919-8c04-7fb7bf628bda', '019cfc3a-e6aa-709e-b5a2-845a1d93b36d', '2026-04-19T20:00:16.000Z', 170, 135, 184, 449, NULL, NULL, NULL, NULL),
  ('019d94df-fe57-71eb-9ef5-2a5b021f1796', '019cfc3a-e6ab-7ec3-8690-caded282a194', '2026-04-15T20:00:20.000Z', 395, 295, 475, 99900, NULL, NULL, NULL, NULL),
  ('019d9a06-5a16-7b4a-851e-f8cc78933764', '019cfc3a-e6ab-7ec3-8690-caded282a194', '2026-04-16T20:00:22.000Z', 396, 308, 453, 99900, NULL, NULL, NULL, NULL),
  ('019d9f2c-b5e8-72ef-8317-986811312101', '019cfc3a-e6ab-7ec3-8690-caded282a194', '2026-04-17T20:00:17.000Z', 390, 324, 436, 99900, NULL, NULL, NULL, NULL),
  ('019da453-1284-7991-8462-b9e8571d0f49', '019cfc3a-e6ab-7ec3-8690-caded282a194', '2026-04-18T20:00:14.000Z', 390, 324, 410, 99900, NULL, NULL, NULL, NULL),
  ('019da979-6e0e-7fb8-97d2-463ec3b5822e', '019cfc3a-e6ab-7ec3-8690-caded282a194', '2026-04-19T20:00:16.000Z', 380, 350, 445, 99900, NULL, NULL, NULL, NULL),
  ('019d94df-fe57-7ca1-a817-50876738df7a', '019cfc3a-e6ab-7ed4-9f9c-52aadb63fbd5', '2026-04-15T20:00:20.000Z', 1720, 1498, 1806, 7000, NULL, NULL, NULL, NULL),
  ('019d9a06-5a17-7cf7-a272-a5f998739d24', '019cfc3a-e6ab-7ed4-9f9c-52aadb63fbd5', '2026-04-16T20:00:22.000Z', 1720, 1498, 1800, 7000, NULL, NULL, NULL, NULL),
  ('019d9f2c-b5e8-7ba6-82ad-44c2deff6e90', '019cfc3a-e6ab-7ed4-9f9c-52aadb63fbd5', '2026-04-17T20:00:17.000Z', 1720, 1498, 1800, 7000, NULL, NULL, NULL, NULL),
  ('019da453-1285-740b-8e12-f6295e1013a5', '019cfc3a-e6ab-7ed4-9f9c-52aadb63fbd5', '2026-04-18T20:00:14.000Z', 1701, 1498, 1798, 7000, NULL, NULL, NULL, NULL),
  ('019da979-6e0f-7b83-ad95-f31a57f5c504', '019cfc3a-e6ab-7ed4-9f9c-52aadb63fbd5', '2026-04-19T20:00:16.000Z', 1651, 1400, 1800, 7000, NULL, NULL, NULL, NULL),
  ('019d94df-fe57-7fa8-987e-3a141878d41e', '019cfc3a-e6ab-7ee2-9376-a79c13377511', '2026-04-15T20:00:20.000Z', 1515, 1295, 1624, 2999, NULL, NULL, NULL, NULL),
  ('019d9a06-5a18-71b9-9ea8-ea60ae409cca', '019cfc3a-e6ab-7ee2-9376-a79c13377511', '2026-04-16T20:00:22.000Z', 1511, 1295, 1600, 2999, NULL, NULL, NULL, NULL),
  ('019d9f2c-b5e8-7ec6-9cf1-c95270250832', '019cfc3a-e6ab-7ee2-9376-a79c13377511', '2026-04-17T20:00:17.000Z', 1501, 1400, 1600, 2999, NULL, NULL, NULL, NULL),
  ('019da453-1285-774a-a4aa-a7aa3dad3b7f', '019cfc3a-e6ab-7ee2-9376-a79c13377511', '2026-04-18T20:00:14.000Z', 1501, 1400, 1612, 2999, NULL, NULL, NULL, NULL),
  ('019da979-6e0f-7e92-bd8a-1e8ae45781bb', '019cfc3a-e6ab-7ee2-9376-a79c13377511', '2026-04-19T20:00:16.000Z', 1514, 1416, 1682, 2999, NULL, NULL, NULL, NULL),
  ('019d94df-fe58-72ee-a283-9834f9931574', '019cfc3a-e6ab-7ef2-898a-7eccb5b0aa72', '2026-04-15T20:00:20.000Z', 2220, 1996, 2249, 3200, NULL, NULL, NULL, NULL),
  ('019d9a06-5a18-73e0-b339-5f2a0f2b0667', '019cfc3a-e6ab-7ef2-898a-7eccb5b0aa72', '2026-04-16T20:00:22.000Z', 2163, 1198, 2248, 3200, NULL, NULL, NULL, NULL),
  ('019d9f2c-b5e9-716b-8851-bac0dd5e45d5', '019cfc3a-e6ab-7ef2-898a-7eccb5b0aa72', '2026-04-17T20:00:17.000Z', 2137, 1199, 2220, 3200, NULL, NULL, NULL, NULL),
  ('019da453-1285-7abb-9ab3-7d4fc5f314b2', '019cfc3a-e6ab-7ef2-898a-7eccb5b0aa72', '2026-04-18T20:00:14.000Z', 2137, 1199, 2210, 3200, NULL, NULL, NULL, NULL),
  ('019da979-6e10-7156-9f8d-ce826f7fcede', '019cfc3a-e6ab-7ef2-898a-7eccb5b0aa72', '2026-04-19T20:00:16.000Z', 2091, 1199, 2196, 3000, NULL, NULL, NULL, NULL),
  ('019d94df-fe58-7589-9760-2548dcfb4967', '019cfc3a-e6ab-7f00-a2f0-aedeb1604fd2', '2026-04-15T20:00:20.000Z', 192, 149, 201, 450, NULL, NULL, NULL, NULL),
  ('019d9a06-5a18-760e-936b-7a53eb8dae61', '019cfc3a-e6ab-7f00-a2f0-aedeb1604fd2', '2026-04-16T20:00:22.000Z', 189, 149, 202, 450, NULL, NULL, NULL, NULL),
  ('019d9f2c-b5e9-7410-81a7-07a56aa46acb', '019cfc3a-e6ab-7f00-a2f0-aedeb1604fd2', '2026-04-17T20:00:17.000Z', 189, 150, 209, 450, NULL, NULL, NULL, NULL),
  ('019da453-1285-7db7-bc23-755bea10a100', '019cfc3a-e6ab-7f00-a2f0-aedeb1604fd2', '2026-04-18T20:00:14.000Z', 191, 150, 201, 450, NULL, NULL, NULL, NULL),
  ('019da979-6e10-74ca-8602-c46bd4ff7204', '019cfc3a-e6ab-7f00-a2f0-aedeb1604fd2', '2026-04-19T20:00:16.000Z', 193, 150, 203, 450, NULL, NULL, NULL, NULL),
  ('019d94ed-b7eb-790f-a776-442964875cbb', '019cfc3a-e6ac-71d6-abb7-1001032d517e', '2026-04-16T00:48:46.000Z', 12, 2, NULL, NULL, 11, 13, 10, 12),
  ('019d9a14-1508-7bd0-8500-a838f1ebe4ac', '019cfc3a-e6ac-71d6-abb7-1001032d517e', '2026-04-17T00:42:53.000Z', 12, 2, NULL, NULL, 10, 13, 10, 12),
  ('019d9f3a-70fb-717a-a5ea-004bc0ffb81e', '019cfc3a-e6ac-71d6-abb7-1001032d517e', '2026-04-18T00:49:04.000Z', 12, 2, NULL, NULL, 11, 12, 12, 12),
  ('019da460-cce9-7bc8-9245-18e25ab4bc99', '019cfc3a-e6ac-71d6-abb7-1001032d517e', '2026-04-19T00:50:04.000Z', 12, 2, NULL, NULL, 9, 2, 12, 12),
  ('019da987-27f8-791d-ae72-840ee5c4c0dc', '019cfc3a-e6ac-71d6-abb7-1001032d517e', '2026-04-20T00:43:18.000Z', 12, 2, NULL, NULL, 9, 13, 12, 13),
  ('019d94ed-b84d-768b-a614-fcc2b0da3bb2', '019cfc3a-e6ae-7417-a3cc-375b29f33e47', '2026-04-16T00:48:46.000Z', 132, 40, NULL, NULL, 137, 124, 134, 132),
  ('019d9a14-1582-78e5-9915-f99d0d248dad', '019cfc3a-e6ae-7417-a3cc-375b29f33e47', '2026-04-17T00:42:53.000Z', 132, 40, NULL, NULL, 135, 124, 134, 132),
  ('019d9f3a-7176-7666-bc0c-e34f437d3db9', '019cfc3a-e6ae-7417-a3cc-375b29f33e47', '2026-04-18T00:49:04.000Z', 132, 40, NULL, NULL, 130, 85, 129, 129),
  ('019da460-cd51-796d-a3d2-7e9afc5fcce0', '019cfc3a-e6ae-7417-a3cc-375b29f33e47', '2026-04-19T00:50:04.000Z', 132, 40, NULL, NULL, 130, 85, 129, 129),
  ('019da987-288b-7681-9d4b-842b8108e195', '019cfc3a-e6ae-7417-a3cc-375b29f33e47', '2026-04-20T00:43:18.000Z', 132, 40, NULL, NULL, 130, 85, 129, 129),
  ('019d94ed-b84d-788d-8e3d-659405247f3b', '019cfc3a-e6ae-7428-9974-e89da999730a', '2026-04-16T00:48:46.000Z', 79, 5, NULL, NULL, 76, 87, 82, 80),
  ('019d9a14-1582-7c0f-83a6-db2758199d22', '019cfc3a-e6ae-7428-9974-e89da999730a', '2026-04-17T00:42:53.000Z', 79, 5, NULL, NULL, 76, 87, 82, 80),
  ('019d9f3a-7176-77dc-a406-eecc84b8a7c4', '019cfc3a-e6ae-7428-9974-e89da999730a', '2026-04-18T00:49:04.000Z', 79, 5, NULL, NULL, 76, 70, 80, 80),
  ('019da460-cd51-7ac0-9bea-4fdf5ad1c076', '019cfc3a-e6ae-7428-9974-e89da999730a', '2026-04-19T00:50:04.000Z', 79, 5, NULL, NULL, 76, 70, 80, 80),
  ('019da987-288b-785b-bd6d-6a2b21a276a9', '019cfc3a-e6ae-7428-9974-e89da999730a', '2026-04-20T00:43:18.000Z', 79, 10, NULL, NULL, 74, 49, 78, 79),
  ('019d94ed-b84d-7b93-bdaf-16f007d23799', '019cfc3a-e6ae-7439-8cde-ba5aa311dccd', '2026-04-16T00:48:46.000Z', 266, 150, NULL, NULL, 241, 222, 213, 271),
  ('019d9a14-1583-7573-b21e-9dd7c212ae81', '019cfc3a-e6ae-7439-8cde-ba5aa311dccd', '2026-04-17T00:42:53.000Z', 266, 150, NULL, NULL, 241, 222, 213, 271),
  ('019d9f3a-7176-7c20-9cc2-bf03f0017a4a', '019cfc3a-e6ae-7439-8cde-ba5aa311dccd', '2026-04-18T00:49:04.000Z', 266, 150, NULL, NULL, 244, 275, 238, 270),
  ('019da460-cd52-70e8-b118-cf896d0d0d53', '019cfc3a-e6ae-7439-8cde-ba5aa311dccd', '2026-04-19T00:50:04.000Z', 266, 150, NULL, NULL, 244, 275, 238, 270),
  ('019da987-288b-7da3-b004-ea39423048ed', '019cfc3a-e6ae-7439-8cde-ba5aa311dccd', '2026-04-20T00:43:18.000Z', 266, 150, NULL, NULL, 244, 275, 238, 270),
  ('019d94ed-b84d-7c22-a78d-9a8e1f1947e6', '019cfc3a-e6ae-7449-8b88-2301b4dc58ff', '2026-04-16T00:48:46.000Z', 125, 40, NULL, NULL, 130, 122, 130, 124),
  ('019d9a14-1583-76d3-af5e-65872df31c11', '019cfc3a-e6ae-7449-8b88-2301b4dc58ff', '2026-04-17T00:42:53.000Z', 125, 40, NULL, NULL, 130, 122, 130, 124),
  ('019d9f3a-7176-7cf3-9a8b-874147963226', '019cfc3a-e6ae-7449-8b88-2301b4dc58ff', '2026-04-18T00:49:04.000Z', 125, 40, NULL, NULL, 126, 85, 122, 123),
  ('019da460-cd52-7276-886a-a14b3d32ba7b', '019cfc3a-e6ae-7449-8b88-2301b4dc58ff', '2026-04-19T00:50:04.000Z', 125, 40, NULL, NULL, 126, 85, 122, 123),
  ('019da987-288b-7eaa-a1d5-17857a6dd125', '019cfc3a-e6ae-7449-8b88-2301b4dc58ff', '2026-04-20T00:43:18.000Z', 125, 40, NULL, NULL, 121, 97, 113, 123),
  ('019d94ed-b84e-700c-a0c3-129d4190bf63', '019cfc3a-e6ae-745a-b91b-223257fac59a', '2026-04-16T00:48:46.000Z', 93, 30, NULL, NULL, 80, 85, 84, 92),
  ('019d9a14-1583-7d9b-a3c8-eceaf3342456', '019cfc3a-e6ae-745a-b91b-223257fac59a', '2026-04-17T00:42:53.000Z', 93, 30, NULL, NULL, 90, 85, 84, 92),
  ('019d9f3a-7177-714c-98d1-a8b3c9d2c9d9', '019cfc3a-e6ae-745a-b91b-223257fac59a', '2026-04-18T00:49:04.000Z', 93, 30, NULL, NULL, 85, 35, 90, 90),
  ('019da460-cd52-78fc-8262-8ea5b63c064c', '019cfc3a-e6ae-745a-b91b-223257fac59a', '2026-04-19T00:50:04.000Z', 93, 30, NULL, NULL, 85, 35, 90, 90),
  ('019da987-288c-74e5-8fd0-2c9c8a6db4ad', '019cfc3a-e6ae-745a-b91b-223257fac59a', '2026-04-20T00:43:18.000Z', 93, 30, NULL, NULL, 83, 78, 95, 90),
  ('019d94ed-b84d-713d-89ff-09d4971d0834', '019cfc3a-e6ae-746b-bc85-a83b3dc99f6c', '2026-04-16T00:48:46.000Z', 138, 45, NULL, NULL, 149, 110, 137, 135),
  ('019d9a14-1581-7e43-b139-3a41e10e7c9a', '019cfc3a-e6ae-746b-bc85-a83b3dc99f6c', '2026-04-17T00:42:53.000Z', 138, 45, NULL, NULL, 152, 110, 137, 135),
  ('019d9f3a-7175-7ec8-81af-5d9da9a40877', '019cfc3a-e6ae-746b-bc85-a83b3dc99f6c', '2026-04-18T00:49:04.000Z', 138, 45, NULL, NULL, 152, 116, 135, 135),
  ('019da460-cd51-72e6-b1ec-df4035b560eb', '019cfc3a-e6ae-746b-bc85-a83b3dc99f6c', '2026-04-19T00:50:04.000Z', 138, 45, NULL, NULL, 152, 116, 135, 135),
  ('019da987-288a-7b66-8d87-7263b7e1241c', '019cfc3a-e6ae-746b-bc85-a83b3dc99f6c', '2026-04-20T00:43:18.000Z', 138, 45, NULL, NULL, 149, 129, 127, 137),
  ('019d94ed-b84d-7936-b46a-dfa0c380473f', '019cfc3a-e6ae-747b-aa9c-edfbd4aff009', '2026-04-16T00:48:46.000Z', 24, 2, NULL, NULL, 26, 30, 22, 22),
  ('019d9a14-1582-7d81-a001-c883d121bd9c', '019cfc3a-e6ae-747b-aa9c-edfbd4aff009', '2026-04-17T00:42:53.000Z', 24, 2, NULL, NULL, 26, 30, 22, 22),
  ('019d9f3a-7176-78ba-81cf-f6e34a22c20d', '019cfc3a-e6ae-747b-aa9c-edfbd4aff009', '2026-04-18T00:49:04.000Z', 24, 2, NULL, NULL, 26, 30, 22, 22),
  ('019da460-cd51-7b90-9b96-d2582a86739f', '019cfc3a-e6ae-747b-aa9c-edfbd4aff009', '2026-04-19T00:50:04.000Z', 24, 2, NULL, NULL, 26, 30, 22, 22),
  ('019da987-288b-796d-b5e6-a180a5910065', '019cfc3a-e6ae-747b-aa9c-edfbd4aff009', '2026-04-20T00:43:18.000Z', 24, 2, NULL, NULL, 26, 30, 22, 22),
  ('019d94ed-b84d-7cac-a85d-a02bf34c953e', '019cfc3a-e6ae-748e-ae8b-11af7f4778fb', '2026-04-16T00:48:46.000Z', 344, 199, NULL, NULL, 360, 353, 350, 344),
  ('019d9a14-1583-7845-b44e-783cb79fd2db', '019cfc3a-e6ae-748e-ae8b-11af7f4778fb', '2026-04-17T00:42:53.000Z', 344, 199, NULL, NULL, 356, 353, 350, 344),
  ('019d9f3a-7176-7dc1-b668-158b13f3cf8b', '019cfc3a-e6ae-748e-ae8b-11af7f4778fb', '2026-04-18T00:49:04.000Z', 344, 150, NULL, NULL, 357, 358, 350, 344),
  ('019da460-cd52-73fa-88a6-f90d475caa1f', '019cfc3a-e6ae-748e-ae8b-11af7f4778fb', '2026-04-19T00:50:04.000Z', 344, 150, NULL, NULL, 357, 358, 350, 344),
  ('019da987-288b-7fa1-a9c9-60bbbc4326f2', '019cfc3a-e6ae-748e-ae8b-11af7f4778fb', '2026-04-20T00:43:18.000Z', 344, 150, NULL, NULL, 361, 376, 356, 345),
  ('019d94ed-b84d-7253-bcec-cd551eb85512', '019cfc3a-e6ae-749f-a1a7-5cb64e718b12', '2026-04-16T00:48:46.000Z', 39, 10, NULL, NULL, 29, 27, 29, 39),
  ('019d9a14-1582-7100-a87c-30327ee0bbb1', '019cfc3a-e6ae-749f-a1a7-5cb64e718b12', '2026-04-17T00:42:53.000Z', 39, 10, NULL, NULL, 29, 27, 29, 39),
  ('019d9f3a-7176-70cf-b6d1-2aef8a45bc1a', '019cfc3a-e6ae-749f-a1a7-5cb64e718b12', '2026-04-18T00:49:04.000Z', 39, 10, NULL, NULL, 28, 29, 33, 38),
  ('019da460-cd51-74c3-ac40-4a3c3cb85c03', '019cfc3a-e6ae-749f-a1a7-5cb64e718b12', '2026-04-19T00:50:04.000Z', 39, 10, NULL, NULL, 28, 29, 33, 38),
  ('019da987-288a-7d1b-959b-93c2e2d53436', '019cfc3a-e6ae-749f-a1a7-5cb64e718b12', '2026-04-20T00:43:18.000Z', 39, 10, NULL, NULL, 28, 29, 33, 38),
  ('019d94ed-b84d-7404-8ad4-2e2d382246ea', '019cfc3a-e6ae-74b0-952e-22178e4a7e87', '2026-04-16T00:48:46.000Z', 79, 15, NULL, NULL, 65, 92, 74, 81),
  ('019d9a14-1582-732f-ba59-e22ce71c013b', '019cfc3a-e6ae-74b0-952e-22178e4a7e87', '2026-04-17T00:42:53.000Z', 79, 15, NULL, NULL, 65, 92, 74, 81),
  ('019d9f3a-7176-72a8-b5a2-95f8145586d6', '019cfc3a-e6ae-74b0-952e-22178e4a7e87', '2026-04-18T00:49:04.000Z', 79, 15, NULL, NULL, 57, 20, 71, 80),
  ('019da460-cd51-760d-a2fe-14f0ce40a1d0', '019cfc3a-e6ae-74b0-952e-22178e4a7e87', '2026-04-19T00:50:04.000Z', 79, 15, NULL, NULL, 57, 20, 71, 80),
  ('019da987-288a-7f04-9753-fedb11e5c9ec', '019cfc3a-e6ae-74b0-952e-22178e4a7e87', '2026-04-20T00:43:18.000Z', 79, 15, NULL, NULL, 57, 20, 71, 80),
  ('019d94ed-b84d-79d1-af6f-6caba437d1e0', '019cfc3a-e6ae-74c0-b143-468d5f35c616', '2026-04-16T00:48:46.000Z', 273, 177, NULL, NULL, 286, 333, 272, 274),
  ('019d9a14-1582-7eec-a952-019483364d9c', '019cfc3a-e6ae-74c0-b143-468d5f35c616', '2026-04-17T00:42:53.000Z', 273, 180, NULL, NULL, 282, 333, 272, 274),
  ('019d9f3a-7176-798a-9498-e9dfe43808d5', '019cfc3a-e6ae-74c0-b143-468d5f35c616', '2026-04-18T00:49:04.000Z', 273, 180, NULL, NULL, 298, 396, 288, 278),
  ('019da460-cd51-7c5f-bae3-c64427c33358', '019cfc3a-e6ae-74c0-b143-468d5f35c616', '2026-04-19T00:50:04.000Z', 273, 180, NULL, NULL, 307, 315, 309, 278),
  ('019da987-288b-7aa8-a4f4-be7c85beff91', '019cfc3a-e6ae-74c0-b143-468d5f35c616', '2026-04-20T00:43:18.000Z', 273, 220, NULL, NULL, 301, 245, 304, 277),
  ('019d94ed-b84d-7d53-bd76-18be52a732e2', '019cfc3a-e6ae-74d1-9529-ea93b174de93', '2026-04-16T00:48:46.000Z', 253, 79, NULL, NULL, 264, 200, 244, 243),
  ('019d9a14-1583-79b7-8802-d78d56fa97fc', '019cfc3a-e6ae-74d1-9529-ea93b174de93', '2026-04-17T00:42:53.000Z', 253, 79, NULL, NULL, 271, 200, 244, 243),
  ('019d9f3a-7176-7e94-9f29-f498f6f5977d', '019cfc3a-e6ae-74d1-9529-ea93b174de93', '2026-04-18T00:49:04.000Z', 253, 79, NULL, NULL, 281, 349, 271, 248),
  ('019da460-cd52-7537-b5f9-d19bd6d6f35a', '019cfc3a-e6ae-74d1-9529-ea93b174de93', '2026-04-19T00:50:04.000Z', 253, 79, NULL, NULL, 281, 349, 271, 248),
  ('019da987-288c-70e7-ac99-26feae061eda', '019cfc3a-e6ae-74d1-9529-ea93b174de93', '2026-04-20T00:43:18.000Z', 253, 79, NULL, NULL, 290, 349, 274, 250),
  ('019d94ed-b84d-74cb-a26f-cdc3ab7e3af5', '019cfc3a-e6ae-74e2-92f3-369504d1fe1c', '2026-04-16T00:48:46.000Z', 93, 20, NULL, NULL, 104, 108, 85, 91),
  ('019d9a14-1582-742a-8954-2a4e7d20fcf9', '019cfc3a-e6ae-74e2-92f3-369504d1fe1c', '2026-04-17T00:42:53.000Z', 93, 20, NULL, NULL, 96, 108, 85, 91),
  ('019d9f3a-7176-7387-bb6b-28ab653619a2', '019cfc3a-e6ae-74e2-92f3-369504d1fe1c', '2026-04-18T00:49:04.000Z', 93, 20, NULL, NULL, 96, 49, 88, 91),
  ('019da460-cd51-76dc-ba4a-85a8a2f5f95f', '019cfc3a-e6ae-74e2-92f3-369504d1fe1c', '2026-04-19T00:50:04.000Z', 93, 20, NULL, NULL, 92, 80, 87, 91),
  ('019da987-288b-7262-8a0f-bd22db73c89d', '019cfc3a-e6ae-74e2-92f3-369504d1fe1c', '2026-04-20T00:43:18.000Z', 93, 20, NULL, NULL, 92, 80, 87, 91),
  ('019d94ed-b84d-7a6e-94eb-6d04985da8b4', '019cfc3a-e6ae-74f3-a054-e6db5ea815af', '2026-04-16T00:48:46.000Z', 304, 179, NULL, NULL, 325, 349, 323, 313),
  ('019d9a14-1583-71a3-91f1-c7316ce7edd5', '019cfc3a-e6ae-74f3-a054-e6db5ea815af', '2026-04-17T00:42:53.000Z', 304, 179, NULL, NULL, 315, 349, 323, 313),
  ('019d9f3a-7176-7a55-8426-81946384e941', '019cfc3a-e6ae-74f3-a054-e6db5ea815af', '2026-04-18T00:49:04.000Z', 304, 179, NULL, NULL, 309, 250, 320, 312),
  ('019da460-cd51-7d25-bcfd-cba07a1ac645', '019cfc3a-e6ae-74f3-a054-e6db5ea815af', '2026-04-19T00:50:04.000Z', 304, 179, NULL, NULL, 301, 295, 302, 312),
  ('019da987-288b-7bb1-8c8b-2d99e5d86161', '019cfc3a-e6ae-74f3-a054-e6db5ea815af', '2026-04-20T00:43:18.000Z', 314, 179, NULL, NULL, 306, 327, 301, 311),
  ('019d94ed-b84d-7e4e-91f4-76ff4663f2a8', '019cfc3a-e6ae-7503-aeb8-0c509cda7ca4', '2026-04-16T00:48:46.000Z', 16, 2, NULL, NULL, 17, 40, 17, 17),
  ('019d9a14-1583-7b1c-b091-b12708de1514', '019cfc3a-e6ae-7503-aeb8-0c509cda7ca4', '2026-04-17T00:42:53.000Z', 16, 2, NULL, NULL, 15, 40, 17, 17),
  ('019d9f3a-7176-7f65-9b46-19e824a6fdaa', '019cfc3a-e6ae-7503-aeb8-0c509cda7ca4', '2026-04-18T00:49:04.000Z', 16, 2, NULL, NULL, 15, 2, 14, 17),
  ('019da460-cd52-7677-9e71-da4fbf201481', '019cfc3a-e6ae-7503-aeb8-0c509cda7ca4', '2026-04-19T00:50:04.000Z', 16, 2, NULL, NULL, 15, 2, 14, 17),
  ('019da987-288c-71d4-ac5d-66db93d9b245', '019cfc3a-e6ae-7503-aeb8-0c509cda7ca4', '2026-04-20T00:43:18.000Z', 16, 2, NULL, NULL, 15, 2, 14, 17),
  ('019d94ed-b84d-7591-93b1-12670f6de983', '019cfc3a-e6ae-7513-9d72-f8e437d02fdd', '2026-04-16T00:48:46.000Z', 31, 2, NULL, NULL, 28, 40, 23, 26),
  ('019d9a14-1582-7623-bfe6-d7f7c267d1fa', '019cfc3a-e6ae-7513-9d72-f8e437d02fdd', '2026-04-17T00:42:53.000Z', 31, 2, NULL, NULL, 28, 40, 23, 26),
  ('019d9f3a-7176-74e2-b553-58baa9111d1c', '019cfc3a-e6ae-7513-9d72-f8e437d02fdd', '2026-04-18T00:49:04.000Z', 31, 2, NULL, NULL, 28, 40, 23, 26),
  ('019da460-cd51-7816-b3ae-5ebb94c14b1f', '019cfc3a-e6ae-7513-9d72-f8e437d02fdd', '2026-04-19T00:50:04.000Z', 31, 2, NULL, NULL, 28, 40, 23, 26),
  ('019da987-288b-7466-9959-9974cb66182c', '019cfc3a-e6ae-7513-9d72-f8e437d02fdd', '2026-04-20T00:43:18.000Z', 31, 2, NULL, NULL, 28, 40, 23, 26),
  ('019d94ed-b84d-7b03-a23f-620a60b29cb8', '019cfc3a-e6ae-7523-82c1-0346b092dcd7', '2026-04-16T00:48:46.000Z', 2263, 975, NULL, NULL, 1503, 1565, 1545, 2150),
  ('019d9a14-1583-73dc-8f39-5d184873d31b', '019cfc3a-e6ae-7523-82c1-0346b092dcd7', '2026-04-17T00:42:53.000Z', 2263, 975, NULL, NULL, 1473, 1565, 1545, 2150),
  ('019d9f3a-7176-7b4d-aaae-9b94a8245120', '019cfc3a-e6ae-7523-82c1-0346b092dcd7', '2026-04-18T00:49:04.000Z', 2263, 949, NULL, NULL, 1384, 1214, 1498, 2140),
  ('019da460-cd51-7df0-bb79-87da31014cd8', '019cfc3a-e6ae-7523-82c1-0346b092dcd7', '2026-04-19T00:50:04.000Z', 2263, 949, NULL, NULL, 1322, 1408, 1467, 2134),
  ('019da987-288b-7cb3-9198-fd15b2cea2e9', '019cfc3a-e6ae-7523-82c1-0346b092dcd7', '2026-04-20T00:43:18.000Z', 2124, 949, NULL, NULL, 1277, 1350, 1445, 2127),
  ('019d94ed-b84d-7f3d-bd27-88a197ee014a', '019cfc3a-e6ae-7534-9bea-83da6ddad87d', '2026-04-16T00:48:46.000Z', 883, 600, NULL, NULL, 717, 754, 764, 843),
  ('019d9a14-1583-7c7a-854c-5c667e2a1bca', '019cfc3a-e6ae-7534-9bea-83da6ddad87d', '2026-04-17T00:42:53.000Z', 883, 600, NULL, NULL, 722, 754, 764, 843),
  ('019d9f3a-7177-7072-b9f0-a54d70a9454e', '019cfc3a-e6ae-7534-9bea-83da6ddad87d', '2026-04-18T00:49:04.000Z', 883, 600, NULL, NULL, 722, 880, 760, 846),
  ('019da460-cd52-77b0-880a-320e69ee6d15', '019cfc3a-e6ae-7534-9bea-83da6ddad87d', '2026-04-19T00:50:04.000Z', 883, 600, NULL, NULL, 722, 880, 760, 846),
  ('019da987-288c-73c6-9d20-daa4f03e699a', '019cfc3a-e6ae-7534-9bea-83da6ddad87d', '2026-04-20T00:43:18.000Z', 803, 600, NULL, NULL, 691, 600, 743, 832),
  ('019d94ed-b84e-7196-9317-1b70e5658bdb', '019cfc3a-e6ae-7544-adb0-c3fb6505c601', '2026-04-16T00:48:46.000Z', 996, 648, NULL, NULL, 1006, 1065, 981, 990),
  ('019d9a14-1583-7ed6-984b-70a4d377dc15', '019cfc3a-e6ae-7544-adb0-c3fb6505c601', '2026-04-17T00:42:53.000Z', 996, 648, NULL, NULL, 1006, 1065, 981, 990),
  ('019d9f3a-7177-7255-824d-86637c9f725e', '019cfc3a-e6ae-7544-adb0-c3fb6505c601', '2026-04-18T00:49:04.000Z', 996, 648, NULL, NULL, 1003, 1025, 941, 996),
  ('019da460-cd52-7a47-92b1-cbcef1cc1000', '019cfc3a-e6ae-7544-adb0-c3fb6505c601', '2026-04-19T00:50:04.000Z', 996, 648, NULL, NULL, 998, 1043, 966, 1000),
  ('019da987-288c-75ed-8a2d-07ec28aa608e', '019cfc3a-e6ae-7544-adb0-c3fb6505c601', '2026-04-20T00:43:18.000Z', 996, 648, NULL, NULL, 971, 853, 943, 1002),
  ('019d94ed-b84e-722c-98c1-c45cd9af469d', '019cfc3a-e6ae-7555-8d31-5008539d17ab', '2026-04-16T00:48:46.000Z', 83, 29, NULL, NULL, 72, 70, 81, 83),
  ('019d9a14-1583-7fd2-ab38-db8d10ea0e7f', '019cfc3a-e6ae-7555-8d31-5008539d17ab', '2026-04-17T00:42:53.000Z', 83, 29, NULL, NULL, 69, 70, 81, 83),
  ('019d9f3a-7177-732d-898d-d4025f28fcd6', '019cfc3a-e6ae-7555-8d31-5008539d17ab', '2026-04-18T00:49:04.000Z', 83, 29, NULL, NULL, 77, 137, 86, 85),
  ('019da460-cd52-7b7d-8daf-4c494ca0d0c0', '019cfc3a-e6ae-7555-8d31-5008539d17ab', '2026-04-19T00:50:04.000Z', 83, 29, NULL, NULL, 78, 85, 86, 85),
  ('019da987-288c-76ea-bf39-08eb68429337', '019cfc3a-e6ae-7555-8d31-5008539d17ab', '2026-04-20T00:43:18.000Z', 83, 29, NULL, NULL, 80, 86, 91, 85),
  ('019d94ed-b84e-7354-ae28-e3244a918065', '019cfc3a-e6ae-7566-b871-b95b5aeebb1a', '2026-04-16T00:48:46.000Z', 1200, 500, NULL, NULL, 1408, 1275, 1308, 1233),
  ('019d9a14-1584-7435-a8ca-2a87fbc113b3', '019cfc3a-e6ae-7566-b871-b95b5aeebb1a', '2026-04-17T00:42:53.000Z', 1200, 500, NULL, NULL, 1408, 1275, 1308, 1233),
  ('019d9f3a-7177-749c-9e62-c08999a3d520', '019cfc3a-e6ae-7566-b871-b95b5aeebb1a', '2026-04-18T00:49:04.000Z', 1200, 500, NULL, NULL, 1395, 1399, 1321, 1263),
  ('019da460-cd52-7d49-b5c6-d25d05fe2808', '019cfc3a-e6ae-7566-b871-b95b5aeebb1a', '2026-04-19T00:50:04.000Z', 1200, 500, NULL, NULL, 1395, 1399, 1321, 1263),
  ('019da987-288c-78ff-a40f-f2cc425c318d', '019cfc3a-e6ae-7566-b871-b95b5aeebb1a', '2026-04-20T00:43:18.000Z', 1200, 500, NULL, NULL, 1351, 1183, 1304, 1271),
  ('019d94ed-b84e-73ef-bbd4-7c0318cc9307', '019cfc3a-e6ae-7577-a525-ed370f8863f1', '2026-04-16T00:48:46.000Z', 176, 80, NULL, NULL, 187, 157, 171, 179),
  ('019d9a14-1584-75ef-8801-5cf525e6a32f', '019cfc3a-e6ae-7577-a525-ed370f8863f1', '2026-04-17T00:42:53.000Z', 176, 80, NULL, NULL, 187, 157, 171, 179),
  ('019d9f3a-7177-75b2-9c36-1d74b038e448', '019cfc3a-e6ae-7577-a525-ed370f8863f1', '2026-04-18T00:49:04.000Z', 176, 80, NULL, NULL, 178, 100, 154, 175),
  ('019da460-cd52-7e81-8be7-ece7b2f36f77', '019cfc3a-e6ae-7577-a525-ed370f8863f1', '2026-04-19T00:50:04.000Z', 176, 80, NULL, NULL, 178, 100, 154, 175),
  ('019da987-288c-7a48-868e-e25792df2f88', '019cfc3a-e6ae-7577-a525-ed370f8863f1', '2026-04-20T00:43:18.000Z', 176, 80, NULL, NULL, 181, 200, 152, 176),
  ('019d94ed-b84e-7494-93bb-4936e7b783f2', '019cfc3a-e6ae-7587-834d-13e53c2c90e0', '2026-04-16T00:48:46.000Z', 147, 99, NULL, NULL, 142, 155, 142, 145),
  ('019d9a14-1584-776d-b84a-bc45640e04f6', '019cfc3a-e6ae-7587-834d-13e53c2c90e0', '2026-04-17T00:42:53.000Z', 147, 99, NULL, NULL, 142, 155, 142, 145),
  ('019d9f3a-7177-7686-ab2a-476c2eb5a7bc', '019cfc3a-e6ae-7587-834d-13e53c2c90e0', '2026-04-18T00:49:04.000Z', 147, 99, NULL, NULL, 145, 172, 147, 148),
  ('019da460-cd52-7faf-af79-b79b67b8d581', '019cfc3a-e6ae-7587-834d-13e53c2c90e0', '2026-04-19T00:50:04.000Z', 147, 87, NULL, NULL, 145, 172, 147, 148),
  ('019da987-288c-7b49-bd3c-7ac33ce1ed76', '019cfc3a-e6ae-7587-834d-13e53c2c90e0', '2026-04-20T00:43:18.000Z', 147, 87, NULL, NULL, 145, 148, 147, 148),
  ('019d94ed-b84e-75cd-abf8-a1f7d0e2eb3f', '019cfc3a-e6ae-7597-bb5d-19ca4dda8646', '2026-04-16T00:48:46.000Z', 64, 20, NULL, NULL, 71, 72, 65, 64),
  ('019d9a14-1584-7a06-8cac-74fe1e2c7a69', '019cfc3a-e6ae-7597-bb5d-19ca4dda8646', '2026-04-17T00:42:53.000Z', 64, 20, NULL, NULL, 71, 72, 65, 64),
  ('019d9f3a-7177-77e1-844a-1946df034b63', '019cfc3a-e6ae-7597-bb5d-19ca4dda8646', '2026-04-18T00:49:04.000Z', 64, 20, NULL, NULL, 65, 46, 60, 64),
  ('019da460-cd53-745a-b860-a7eab6d0000d', '019cfc3a-e6ae-7597-bb5d-19ca4dda8646', '2026-04-19T00:50:04.000Z', 64, 20, NULL, NULL, 65, 46, 60, 64),
  ('019da987-288d-72dc-876f-94dedaec390c', '019cfc3a-e6ae-7597-bb5d-19ca4dda8646', '2026-04-20T00:43:18.000Z', 64, 20, NULL, NULL, 65, 65, 60, 64),
  ('019d94ed-b7eb-7c22-8645-6b811e612f74', '019cfc3a-e6af-776c-8e21-85b2fcc79220', '2026-04-16T00:48:46.000Z', 770, 550, NULL, NULL, 746, 859, 739, 759),
  ('019d9a14-1508-7e2f-9728-162b0a5c8917', '019cfc3a-e6af-776c-8e21-85b2fcc79220', '2026-04-17T00:42:53.000Z', 770, 600, NULL, NULL, 758, 859, 739, 759),
  ('019d9f3a-70fb-73ee-b005-9d625933f81a', '019cfc3a-e6af-776c-8e21-85b2fcc79220', '2026-04-18T00:49:04.000Z', 770, 600, NULL, NULL, 757, 725, 758, 761),
  ('019da460-cce9-7d14-9504-f849ff7238af', '019cfc3a-e6af-776c-8e21-85b2fcc79220', '2026-04-19T00:50:04.000Z', 770, 600, NULL, NULL, 750, 726, 769, 762),
  ('019da987-27f8-7ce9-a2ee-6d77507c21d7', '019cfc3a-e6af-776c-8e21-85b2fcc79220', '2026-04-20T00:43:18.000Z', 770, 595, NULL, NULL, 751, 733, 776, 759),
  ('019d94df-fe72-794c-8821-03b9b2069d26', '019d1bfd-b2ca-73a3-a04c-d048f205a2cf', '2026-04-15T20:00:21.000Z', 922, 508, 1013, 5100, NULL, NULL, NULL, NULL),
  ('019d9a06-5a58-7b2f-9622-e9c6e54fb908', '019d1bfd-b2ca-73a3-a04c-d048f205a2cf', '2026-04-16T20:00:23.000Z', 913, 506, 999, 3499, NULL, NULL, NULL, NULL),
  ('019d9f2c-b602-7749-8a80-13e39c81d980', '019d1bfd-b2ca-73a3-a04c-d048f205a2cf', '2026-04-17T20:00:18.000Z', 901, 506, 998, 5100, NULL, NULL, NULL, NULL),
  ('019da453-12a3-7a4f-a916-80f4c6c372f2', '019d1bfd-b2ca-73a3-a04c-d048f205a2cf', '2026-04-18T20:00:15.000Z', 901, 408, 997, 5100, NULL, NULL, NULL, NULL),
  ('019da979-6e3a-7b9f-9b22-7f76714d35cb', '019d1bfd-b2ca-73a3-a04c-d048f205a2cf', '2026-04-19T20:00:17.000Z', 886, 408, 995, 5100, NULL, NULL, NULL, NULL),
  ('019d94ed-b8c0-7633-b1e7-8ebef8eded90', '019d1bfd-bc5a-7c69-aa96-3572e31fc28c', '2026-04-16T00:48:46.000Z', 542, 450, NULL, NULL, 576, 425, 607, 552),
  ('019d9a14-161f-727a-8722-7c9f5180772f', '019d1bfd-bc5a-7c69-aa96-3572e31fc28c', '2026-04-17T00:42:53.000Z', 542, 480, NULL, NULL, 567, 425, 607, 552),
  ('019d9f3a-71f2-7864-95d5-bfa6ff56b4a1', '019d1bfd-bc5a-7c69-aa96-3572e31fc28c', '2026-04-18T00:49:04.000Z', 542, 480, NULL, NULL, 567, 543, 594, 551),
  ('019da460-cdef-7290-9875-1e9f25eb876e', '019d1bfd-bc5a-7c69-aa96-3572e31fc28c', '2026-04-19T00:50:04.000Z', 542, 488, NULL, NULL, 583, 700, 596, 553),
  ('019da987-2939-784c-ab8d-5631a635c4ce', '019d1bfd-bc5a-7c69-aa96-3572e31fc28c', '2026-04-20T00:43:18.000Z', 542, 485, NULL, NULL, 583, 510, 579, 550),
  ('019d94df-fe76-74cd-8fd7-a1d6cf894ba8', '019d1bfe-e71d-79d0-af05-2c26f2bc5be7', '2026-04-15T20:00:21.000Z', 2730, 2400, 2799, 4127, NULL, NULL, NULL, NULL),
  ('019d9a06-5a5d-7551-a09d-06e7f9627857', '019d1bfe-e71d-79d0-af05-2c26f2bc5be7', '2026-04-16T20:00:23.000Z', 2700, 2139, 2767, 4127, NULL, NULL, NULL, NULL),
  ('019d9f2c-b604-7444-a79d-210c0e013a57', '019d1bfe-e71d-79d0-af05-2c26f2bc5be7', '2026-04-17T20:00:18.000Z', 2700, 2146, 2767, 4127, NULL, NULL, NULL, NULL),
  ('019da453-12a5-7b53-b879-2f623676cb85', '019d1bfe-e71d-79d0-af05-2c26f2bc5be7', '2026-04-18T20:00:15.000Z', 2700, 2000, 2716, 4127, NULL, NULL, NULL, NULL),
  ('019da979-6e41-738a-8072-b241cd5943e7', '019d1bfe-e71d-79d0-af05-2c26f2bc5be7', '2026-04-19T20:00:17.000Z', 2587, 2019, 2742, 4127, NULL, NULL, NULL, NULL),
  ('019d94ed-b8c0-7bf5-85fb-cf8569e0bb48', '019d1bfe-f678-7062-91da-fa2b9c2ddbe6', '2026-04-16T00:48:46.000Z', 997, 700, NULL, NULL, 851, 950, 857, 910),
  ('019d9a14-161f-7a6a-b1c6-e41583800728', '019d1bfe-f678-7062-91da-fa2b9c2ddbe6', '2026-04-17T00:42:53.000Z', 997, 700, NULL, NULL, 866, 950, 857, 910),
  ('019d9f3a-71f2-7f9e-a43f-1ab903f9d6ea', '019d1bfe-f678-7062-91da-fa2b9c2ddbe6', '2026-04-18T00:49:04.000Z', 997, 700, NULL, NULL, 867, 899, 884, 906),
  ('019da460-cdef-78b2-ab49-ea81448db1c6', '019d1bfe-f678-7062-91da-fa2b9c2ddbe6', '2026-04-19T00:50:04.000Z', 997, 700, NULL, NULL, 855, 780, 874, 899),
  ('019da987-293a-7147-9a14-e62860484c6a', '019d1bfe-f678-7062-91da-fa2b9c2ddbe6', '2026-04-20T00:43:18.000Z', 997, 700, NULL, NULL, 848, 830, 874, 895),
  ('019d94df-fddd-7719-b127-367c3c71b01a', '019d1d01-13e8-7e85-b60c-96c589e3efa2', '2026-04-15T20:00:23.000Z', 6, 1, 15, 128, NULL, NULL, NULL, NULL),
  ('019d9a06-5968-7407-92ed-9be1051fbce5', '019d1d01-13e8-7e85-b60c-96c589e3efa2', '2026-04-16T20:00:24.000Z', 7, 1, 15, 128, NULL, NULL, NULL, NULL),
  ('019d9f2c-b56c-7b7f-8110-aa6c95da6a19', '019d1d01-13e8-7e85-b60c-96c589e3efa2', '2026-04-17T20:00:21.000Z', 8, 1, 15, 128, NULL, NULL, NULL, NULL),
  ('019da453-11e1-7de0-a286-380e0b9e52fc', '019d1d01-13e8-7e85-b60c-96c589e3efa2', '2026-04-18T20:00:18.000Z', 8, 1, 15, 128, NULL, NULL, NULL, NULL),
  ('019da979-6d73-72d0-81af-239e11001b48', '019d1d01-13e8-7e85-b60c-96c589e3efa2', '2026-04-19T20:00:20.000Z', 8, 1, 15, 128, NULL, NULL, NULL, NULL),
  ('019d94ed-b8bf-784d-94cf-23aa658aecc8', '019d1d01-32e2-77c6-948a-f4f114337a4b', '2026-04-16T00:48:46.000Z', 8, 2, NULL, NULL, 9, 11, 6, 7),
  ('019d9a14-161d-7bae-b6f3-0738590183d3', '019d1d01-32e2-77c6-948a-f4f114337a4b', '2026-04-17T00:42:53.000Z', 8, 2, NULL, NULL, 8, 11, 6, 7),
  ('019d9f3a-71f1-7906-ad6a-c5d8a86e75e3', '019d1d01-32e2-77c6-948a-f4f114337a4b', '2026-04-18T00:49:04.000Z', 8, 2, NULL, NULL, 8, 4, 6, 7),
  ('019da460-cdee-77ae-8dc0-4c1fdfa8e17a', '019d1d01-32e2-77c6-948a-f4f114337a4b', '2026-04-19T00:50:04.000Z', 8, 2, NULL, NULL, 7, 3, 6, 7),
  ('019da987-2938-788f-8ab5-be83d1a82a3d', '019d1d01-32e2-77c6-948a-f4f114337a4b', '2026-04-20T00:43:18.000Z', 8, 2, NULL, NULL, 9, 24, 6, 7),
  ('019d94df-fe72-75ea-95eb-44b0c6749e09', '019d1d01-9246-740b-839c-b88fd4ca9361', '2026-04-15T20:00:21.000Z', 1856, 1499, 2098, 3300, NULL, NULL, NULL, NULL),
  ('019d9a06-5a57-7378-8a38-5b02b0cddd23', '019d1d01-9246-740b-839c-b88fd4ca9361', '2026-04-16T20:00:23.000Z', 1763, 1376, 2093, 3300, NULL, NULL, NULL, NULL),
  ('019d9f2c-b602-736d-a892-26b21506e7d5', '019d1d01-9246-740b-839c-b88fd4ca9361', '2026-04-17T20:00:18.000Z', 1742, 1399, 2066, 3300, NULL, NULL, NULL, NULL),
  ('019da453-12a3-75ec-916b-aad500749839', '019d1d01-9246-740b-839c-b88fd4ca9361', '2026-04-18T20:00:15.000Z', 1650, 1399, 2093, 3300, NULL, NULL, NULL, NULL),
  ('019da979-6e39-7f3e-8e3b-87e7842a132f', '019d1d01-9246-740b-839c-b88fd4ca9361', '2026-04-19T20:00:17.000Z', 1607, 1485, 2097, 3300, NULL, NULL, NULL, NULL),
  ('019d94fb-8584-7f92-8e59-ed25d0062288', '019d1d0d-29d4-72a7-8cd5-45831f58077c', '2026-04-16T00:00:00.000Z', NULL, 11, NULL, NULL, NULL, NULL, NULL, NULL),
  ('019d9a21-e215-727e-a0e6-130821ee34b3', '019d1d0d-29d4-72a7-8cd5-45831f58077c', '2026-04-17T00:00:00.000Z', NULL, 11, NULL, NULL, NULL, NULL, NULL, NULL),
  ('019d9f48-3e27-74cd-b220-c05418ccf6d4', '019d1d0d-29d4-72a7-8cd5-45831f58077c', '2026-04-18T00:00:00.000Z', NULL, 11, NULL, NULL, NULL, NULL, NULL, NULL),
  ('019da46e-9913-7873-a84f-fe52dac94cfd', '019d1d0d-29d4-72a7-8cd5-45831f58077c', '2026-04-19T00:00:00.000Z', NULL, 11, NULL, NULL, NULL, NULL, NULL, NULL),
  ('019da994-f549-7f4b-b403-a425b255b909', '019d1d0d-29d4-72a7-8cd5-45831f58077c', '2026-04-20T00:00:00.000Z', NULL, 11, NULL, NULL, NULL, NULL, NULL, NULL),
  ('019d94fb-8585-7119-9fb6-aa5f892aad6a', '019d1d0d-29d4-73b4-86d4-949fe378c4d9', '2026-04-16T00:00:00.000Z', NULL, 578, NULL, NULL, NULL, NULL, NULL, NULL),
  ('019d9a21-e215-73ce-ad9b-39f73ab43bda', '019d1d0d-29d4-73b4-86d4-949fe378c4d9', '2026-04-17T00:00:00.000Z', NULL, 578, NULL, NULL, NULL, NULL, NULL, NULL),
  ('019d9f48-3e27-761f-8840-8a089e67716c', '019d1d0d-29d4-73b4-86d4-949fe378c4d9', '2026-04-18T00:00:00.000Z', NULL, 578, NULL, NULL, NULL, NULL, NULL, NULL),
  ('019da46e-9913-79e7-8512-f97850c704e7', '019d1d0d-29d4-73b4-86d4-949fe378c4d9', '2026-04-19T00:00:00.000Z', NULL, 578, NULL, NULL, NULL, NULL, NULL, NULL),
  ('019da994-f54a-721d-82bb-a2d9926c5614', '019d1d0d-29d4-73b4-86d4-949fe378c4d9', '2026-04-20T00:00:00.000Z', NULL, 578, NULL, NULL, NULL, NULL, NULL, NULL),
  ('019d94fb-85e9-78c3-ac5b-eff8cae71e8c', '019d1d0d-2a12-77fd-95cd-d45001e9cea1', '2026-04-16T00:00:00.000Z', NULL, 60, NULL, NULL, NULL, NULL, NULL, NULL),
  ('019d9a21-e276-7261-8586-43009e8c62d7', '019d1d0d-2a12-77fd-95cd-d45001e9cea1', '2026-04-17T00:00:00.000Z', NULL, 60, NULL, NULL, NULL, NULL, NULL, NULL),
  ('019d9f48-3e7f-7cb3-84d4-7fc130fe8e07', '019d1d0d-2a12-77fd-95cd-d45001e9cea1', '2026-04-18T00:00:00.000Z', NULL, 60, NULL, NULL, NULL, NULL, NULL, NULL),
  ('019da46e-996b-7b46-bafc-d96c8c2ab503', '019d1d0d-2a12-77fd-95cd-d45001e9cea1', '2026-04-19T00:00:00.000Z', NULL, 60, NULL, NULL, NULL, NULL, NULL, NULL),
  ('019da994-f5bc-7f39-a978-da8becc14e2f', '019d1d0d-2a12-77fd-95cd-d45001e9cea1', '2026-04-20T00:00:00.000Z', NULL, 60, NULL, NULL, NULL, NULL, NULL, NULL),
  ('019d94fb-85e9-79a0-819b-ee323372e05f', '019d1d0d-2a12-78fd-af18-feca7f775db6', '2026-04-16T00:00:00.000Z', NULL, 19, NULL, NULL, NULL, NULL, NULL, NULL),
  ('019d9a21-e276-7317-94b8-a75b2151c061', '019d1d0d-2a12-78fd-af18-feca7f775db6', '2026-04-17T00:00:00.000Z', NULL, 19, NULL, NULL, NULL, NULL, NULL, NULL),
  ('019d9f48-3e7f-7db3-9dca-971b7bf032e7', '019d1d0d-2a12-78fd-af18-feca7f775db6', '2026-04-18T00:00:00.000Z', NULL, 19, NULL, NULL, NULL, NULL, NULL, NULL),
  ('019da46e-996b-7be8-b31f-6be49ddaa3d4', '019d1d0d-2a12-78fd-af18-feca7f775db6', '2026-04-19T00:00:00.000Z', NULL, 19, NULL, NULL, NULL, NULL, NULL, NULL),
  ('019da994-f5bd-7003-8ea4-7606276f5696', '019d1d0d-2a12-78fd-af18-feca7f775db6', '2026-04-20T00:00:00.000Z', NULL, 19, NULL, NULL, NULL, NULL, NULL, NULL),
  ('019d94fb-85e9-7a71-9e47-c79a8d03060a', '019d1d0d-2a12-7a5e-8494-300c8e8979b0', '2026-04-16T00:00:00.000Z', NULL, 68, NULL, NULL, NULL, NULL, NULL, NULL),
  ('019d9a21-e276-7415-be34-9acd780270b5', '019d1d0d-2a12-7a5e-8494-300c8e8979b0', '2026-04-17T00:00:00.000Z', NULL, 68, NULL, NULL, NULL, NULL, NULL, NULL),
  ('019d9f48-3e7f-7ed5-954d-0cdae695c36f', '019d1d0d-2a12-7a5e-8494-300c8e8979b0', '2026-04-18T00:00:00.000Z', NULL, 68, NULL, NULL, NULL, NULL, NULL, NULL),
  ('019da46e-996b-7cdc-a27c-86fc13569ad9', '019d1d0d-2a12-7a5e-8494-300c8e8979b0', '2026-04-19T00:00:00.000Z', NULL, 68, NULL, NULL, NULL, NULL, NULL, NULL),
  ('019da994-f5bd-7147-8349-3e70fe750a1b', '019d1d0d-2a12-7a5e-8494-300c8e8979b0', '2026-04-20T00:00:00.000Z', NULL, 68, NULL, NULL, NULL, NULL, NULL, NULL),
  ('019d94fb-85e9-7b3b-b370-1d615c92be74', '019d1d0d-2a12-7b45-a304-272c5131be99', '2026-04-16T00:00:00.000Z', NULL, 60, NULL, NULL, NULL, NULL, NULL, NULL),
  ('019d9a21-e276-74f1-93c0-596550c0f48b', '019d1d0d-2a12-7b45-a304-272c5131be99', '2026-04-17T00:00:00.000Z', NULL, 60, NULL, NULL, NULL, NULL, NULL, NULL),
  ('019d9f48-3e7f-7fa7-8e7a-210ce9aa7a9c', '019d1d0d-2a12-7b45-a304-272c5131be99', '2026-04-18T00:00:00.000Z', NULL, 60, NULL, NULL, NULL, NULL, NULL, NULL),
  ('019da46e-996b-7d95-b156-0909cd7788f5', '019d1d0d-2a12-7b45-a304-272c5131be99', '2026-04-19T00:00:00.000Z', NULL, 60, NULL, NULL, NULL, NULL, NULL, NULL),
  ('019da994-f5bd-7213-84f7-667578f0ae8d', '019d1d0d-2a12-7b45-a304-272c5131be99', '2026-04-20T00:00:00.000Z', NULL, 60, NULL, NULL, NULL, NULL, NULL, NULL),
  ('019d94fb-85e9-7c32-b036-62debabf8654', '019d1d0d-2a12-7c29-b2d4-d8116beb889c', '2026-04-16T00:00:00.000Z', NULL, 13, NULL, NULL, NULL, NULL, NULL, NULL),
  ('019d9a21-e276-7583-8bed-227419ba0568', '019d1d0d-2a12-7c29-b2d4-d8116beb889c', '2026-04-17T00:00:00.000Z', NULL, 13, NULL, NULL, NULL, NULL, NULL, NULL),
  ('019d9f48-3e80-7227-98dd-93a294a251aa', '019d1d0d-2a12-7c29-b2d4-d8116beb889c', '2026-04-18T00:00:00.000Z', NULL, 13, NULL, NULL, NULL, NULL, NULL, NULL),
  ('019da46e-996b-7e29-8fed-0b0e8ffa97be', '019d1d0d-2a12-7c29-b2d4-d8116beb889c', '2026-04-19T00:00:00.000Z', NULL, 12, NULL, NULL, NULL, NULL, NULL, NULL),
  ('019da994-f5bd-72ab-b29f-3e4ce4295856', '019d1d0d-2a12-7c29-b2d4-d8116beb889c', '2026-04-20T00:00:00.000Z', NULL, 12, NULL, NULL, NULL, NULL, NULL, NULL),
  ('019d94fb-85e9-7cfe-b0ad-cf8544bcca7a', '019d1d0d-2a12-7d05-aa0d-3e757c90def6', '2026-04-16T00:00:00.000Z', NULL, 132, NULL, NULL, NULL, NULL, NULL, NULL),
  ('019d9a21-e276-76ac-83df-d1107e294a73', '019d1d0d-2a12-7d05-aa0d-3e757c90def6', '2026-04-17T00:00:00.000Z', NULL, 129, NULL, NULL, NULL, NULL, NULL, NULL),
  ('019d9f48-3e80-72e8-9b6b-f94d9a589389', '019d1d0d-2a12-7d05-aa0d-3e757c90def6', '2026-04-18T00:00:00.000Z', NULL, 132, NULL, NULL, NULL, NULL, NULL, NULL),
  ('019da46e-996b-7eb3-8c89-a9931309c33e', '019d1d0d-2a12-7d05-aa0d-3e757c90def6', '2026-04-19T00:00:00.000Z', NULL, 131, NULL, NULL, NULL, NULL, NULL, NULL),
  ('019da994-f5bd-736f-a746-a738fe23b088', '019d1d0d-2a12-7d05-aa0d-3e757c90def6', '2026-04-20T00:00:00.000Z', NULL, 131, NULL, NULL, NULL, NULL, NULL, NULL),
  ('019d94fb-85e9-7f0c-8536-a1dc8ee98f55', '019d1d0d-2a12-7eea-8534-4738787b8ee3', '2026-04-16T00:00:00.000Z', NULL, 60, NULL, NULL, NULL, NULL, NULL, NULL),
  ('019d9a21-e276-78e5-96a4-6bbc68ebeca4', '019d1d0d-2a12-7eea-8534-4738787b8ee3', '2026-04-17T00:00:00.000Z', NULL, 60, NULL, NULL, NULL, NULL, NULL, NULL),
  ('019d9f48-3e80-75a1-99a3-723e7e8a7792', '019d1d0d-2a12-7eea-8534-4738787b8ee3', '2026-04-18T00:00:00.000Z', NULL, 60, NULL, NULL, NULL, NULL, NULL, NULL),
  ('019da46e-996c-7102-b494-1572a9e06a87', '019d1d0d-2a12-7eea-8534-4738787b8ee3', '2026-04-19T00:00:00.000Z', NULL, 60, NULL, NULL, NULL, NULL, NULL, NULL),
  ('019da994-f5bd-7560-8e6e-56ea68df45ba', '019d1d0d-2a12-7eea-8534-4738787b8ee3', '2026-04-20T00:00:00.000Z', NULL, 60, NULL, NULL, NULL, NULL, NULL, NULL),
  ('019d94fb-85e9-7fb2-a45d-ff8cc0f94331', '019d1d0d-2a12-7fca-b18d-20870e5070f6', '2026-04-16T00:00:00.000Z', NULL, 18, NULL, NULL, NULL, NULL, NULL, NULL),
  ('019d9a21-e276-7977-b697-c0acfd6ccc43', '019d1d0d-2a12-7fca-b18d-20870e5070f6', '2026-04-17T00:00:00.000Z', NULL, 18, NULL, NULL, NULL, NULL, NULL, NULL),
  ('019d9f48-3e80-768f-b665-d7d981acacbd', '019d1d0d-2a12-7fca-b18d-20870e5070f6', '2026-04-18T00:00:00.000Z', NULL, 18, NULL, NULL, NULL, NULL, NULL, NULL),
  ('019da46e-996c-71a2-b257-1bef17ac6a6d', '019d1d0d-2a12-7fca-b18d-20870e5070f6', '2026-04-19T00:00:00.000Z', NULL, 19, NULL, NULL, NULL, NULL, NULL, NULL),
  ('019da994-f5bd-760b-b14d-b7745134df37', '019d1d0d-2a12-7fca-b18d-20870e5070f6', '2026-04-20T00:00:00.000Z', NULL, 19, NULL, NULL, NULL, NULL, NULL, NULL),
  ('019d94fb-85ea-70bc-b4e7-2001dc798ce0', '019d1d0d-2a13-7187-bb9a-3d240d181f63', '2026-04-16T00:00:00.000Z', NULL, 160, NULL, NULL, NULL, NULL, NULL, NULL),
  ('019d9a21-e276-7a20-a902-1dd182d73a31', '019d1d0d-2a13-7187-bb9a-3d240d181f63', '2026-04-17T00:00:00.000Z', NULL, 160, NULL, NULL, NULL, NULL, NULL, NULL),
  ('019d9f48-3e80-7765-8cac-3b59a7f7189d', '019d1d0d-2a13-7187-bb9a-3d240d181f63', '2026-04-18T00:00:00.000Z', NULL, 160, NULL, NULL, NULL, NULL, NULL, NULL),
  ('019da46e-996c-722d-8946-a772f9d40ebf', '019d1d0d-2a13-7187-bb9a-3d240d181f63', '2026-04-19T00:00:00.000Z', NULL, 160, NULL, NULL, NULL, NULL, NULL, NULL),
  ('019da994-f5bd-76ca-a961-536b4a06291d', '019d1d0d-2a13-7187-bb9a-3d240d181f63', '2026-04-20T00:00:00.000Z', NULL, 160, NULL, NULL, NULL, NULL, NULL, NULL),
  ('019d94fb-85ea-71e7-b7ce-8f2372c2e65d', '019d1d0d-2a13-725e-bf19-d750818f5e29', '2026-04-16T00:00:00.000Z', NULL, 210, NULL, NULL, NULL, NULL, NULL, NULL),
  ('019d9a21-e276-7b01-b94f-6a28d3acb6e9', '019d1d0d-2a13-725e-bf19-d750818f5e29', '2026-04-17T00:00:00.000Z', NULL, 210, NULL, NULL, NULL, NULL, NULL, NULL),
  ('019d9f48-3e80-784c-8a6b-79da1118834b', '019d1d0d-2a13-725e-bf19-d750818f5e29', '2026-04-18T00:00:00.000Z', NULL, 210, NULL, NULL, NULL, NULL, NULL, NULL),
  ('019da46e-996c-72df-bb3f-595e0acfef8a', '019d1d0d-2a13-725e-bf19-d750818f5e29', '2026-04-19T00:00:00.000Z', NULL, 210, NULL, NULL, NULL, NULL, NULL, NULL),
  ('019da994-f5bd-7785-a2d3-f69ef0b9d288', '019d1d0d-2a13-725e-bf19-d750818f5e29', '2026-04-20T00:00:00.000Z', NULL, 210, NULL, NULL, NULL, NULL, NULL, NULL),
  ('019d94fb-85ea-7308-bbb2-41795db13026', '019d1d0d-2a13-732c-b0f5-67b22f750e16', '2026-04-16T00:00:00.000Z', NULL, 1521, NULL, NULL, NULL, NULL, NULL, NULL),
  ('019d9a21-e276-7beb-89b3-a48edc5e7b65', '019d1d0d-2a13-732c-b0f5-67b22f750e16', '2026-04-17T00:00:00.000Z', NULL, 1521, NULL, NULL, NULL, NULL, NULL, NULL),
  ('019d9f48-3e80-7973-ab67-d2984c15a245', '019d1d0d-2a13-732c-b0f5-67b22f750e16', '2026-04-18T00:00:00.000Z', NULL, 1521, NULL, NULL, NULL, NULL, NULL, NULL),
  ('019da46e-996c-73e5-ab96-f78f12f7594a', '019d1d0d-2a13-732c-b0f5-67b22f750e16', '2026-04-19T00:00:00.000Z', NULL, 1521, NULL, NULL, NULL, NULL, NULL, NULL),
  ('019da994-f5bd-790b-aa26-990c79ad6d5c', '019d1d0d-2a13-732c-b0f5-67b22f750e16', '2026-04-20T00:00:00.000Z', NULL, 1407, NULL, NULL, NULL, NULL, NULL, NULL),
  ('019d94fb-85ea-73ae-b094-46740f0f741b', '019d1d0d-2a13-73fa-a275-c4328e51fc99', '2026-04-16T00:00:00.000Z', NULL, 350, NULL, NULL, NULL, NULL, NULL, NULL),
  ('019d9a21-e276-7c78-9e34-ad5b040c98ca', '019d1d0d-2a13-73fa-a275-c4328e51fc99', '2026-04-17T00:00:00.000Z', NULL, 350, NULL, NULL, NULL, NULL, NULL, NULL),
  ('019d9f48-3e80-7a58-b03f-35fc2f7d7c8e', '019d1d0d-2a13-73fa-a275-c4328e51fc99', '2026-04-18T00:00:00.000Z', NULL, 306, NULL, NULL, NULL, NULL, NULL, NULL),
  ('019da46e-996c-747b-b5f1-c522ce718de1', '019d1d0d-2a13-73fa-a275-c4328e51fc99', '2026-04-19T00:00:00.000Z', NULL, 303, NULL, NULL, NULL, NULL, NULL, NULL),
  ('019da994-f5bd-79cc-9f2f-6634e6471bf2', '019d1d0d-2a13-73fa-a275-c4328e51fc99', '2026-04-20T00:00:00.000Z', NULL, 307, NULL, NULL, NULL, NULL, NULL, NULL),
  ('019d94fb-85ea-743d-a3d2-f9d4767c73fb', '019d1d0d-2a13-74fa-885f-59cf33778864', '2026-04-16T00:00:00.000Z', NULL, 145, NULL, NULL, NULL, NULL, NULL, NULL),
  ('019d9a21-e277-7f6b-a4d5-583f39590c56', '019d1d0d-2a13-74fa-885f-59cf33778864', '2026-04-17T00:00:00.000Z', NULL, 129, NULL, NULL, NULL, NULL, NULL, NULL),
  ('019d9f48-3e80-7b32-b07c-e30604f6edcf', '019d1d0d-2a13-74fa-885f-59cf33778864', '2026-04-18T00:00:00.000Z', NULL, 129, NULL, NULL, NULL, NULL, NULL, NULL),
  ('019da46e-996c-7506-aa3e-ab94b7ecdbdc', '019d1d0d-2a13-74fa-885f-59cf33778864', '2026-04-19T00:00:00.000Z', NULL, 129, NULL, NULL, NULL, NULL, NULL, NULL),
  ('019da994-f5bd-7b42-9b67-82e9076c3ca0', '019d1d0d-2a13-74fa-885f-59cf33778864', '2026-04-20T00:00:00.000Z', NULL, 129, NULL, NULL, NULL, NULL, NULL, NULL),
  ('019d94fb-85ea-7523-a7c3-38c402dd7764', '019d1d0d-2a13-7608-a7ea-8df61acf411f', '2026-04-16T00:00:00.000Z', NULL, 210, NULL, NULL, NULL, NULL, NULL, NULL),
  ('019d9a21-e278-7ab0-89d9-f8e6b61d2faf', '019d1d0d-2a13-7608-a7ea-8df61acf411f', '2026-04-17T00:00:00.000Z', NULL, 210, NULL, NULL, NULL, NULL, NULL, NULL),
  ('019d9f48-3e80-7c0e-9253-5fd828521c85', '019d1d0d-2a13-7608-a7ea-8df61acf411f', '2026-04-18T00:00:00.000Z', NULL, 210, NULL, NULL, NULL, NULL, NULL, NULL),
  ('019da46e-996c-7593-a54a-69b8d4da9d74', '019d1d0d-2a13-7608-a7ea-8df61acf411f', '2026-04-19T00:00:00.000Z', NULL, 210, NULL, NULL, NULL, NULL, NULL, NULL),
  ('019da994-f5bd-7c0a-982f-ca9220a74301', '019d1d0d-2a13-7608-a7ea-8df61acf411f', '2026-04-20T00:00:00.000Z', NULL, 210, NULL, NULL, NULL, NULL, NULL, NULL),
  ('019d94fb-85ea-7675-9ad0-e49999b5e6a6', '019d1d0d-2a13-76de-a67e-0806fa6f4239', '2026-04-16T00:00:00.000Z', NULL, 145, NULL, NULL, NULL, NULL, NULL, NULL),
  ('019d9a21-e278-7c98-901d-0e67fa49447c', '019d1d0d-2a13-76de-a67e-0806fa6f4239', '2026-04-17T00:00:00.000Z', NULL, 145, NULL, NULL, NULL, NULL, NULL, NULL),
  ('019d9f48-3e80-7d41-9c81-59dfee9c3af0', '019d1d0d-2a13-76de-a67e-0806fa6f4239', '2026-04-18T00:00:00.000Z', NULL, 145, NULL, NULL, NULL, NULL, NULL, NULL),
  ('019da46e-996c-765a-9394-158fb3a2b234', '019d1d0d-2a13-76de-a67e-0806fa6f4239', '2026-04-19T00:00:00.000Z', NULL, 145, NULL, NULL, NULL, NULL, NULL, NULL),
  ('019da994-f5bd-7d39-a503-cb4db7b2220f', '019d1d0d-2a13-76de-a67e-0806fa6f4239', '2026-04-20T00:00:00.000Z', NULL, 145, NULL, NULL, NULL, NULL, NULL, NULL),
  ('019d94fb-85ea-7786-8348-e4abac14579a', '019d1d0d-2a13-77ad-8d8a-9b52e88749c8', '2026-04-16T00:00:00.000Z', NULL, 11, NULL, NULL, NULL, NULL, NULL, NULL),
  ('019d9a21-e278-7dad-9a8b-4357db24f775', '019d1d0d-2a13-77ad-8d8a-9b52e88749c8', '2026-04-17T00:00:00.000Z', NULL, 11, NULL, NULL, NULL, NULL, NULL, NULL),
  ('019d9f48-3e80-7e33-bf1f-e62be652a86a', '019d1d0d-2a13-77ad-8d8a-9b52e88749c8', '2026-04-18T00:00:00.000Z', NULL, 11, NULL, NULL, NULL, NULL, NULL, NULL),
  ('019da46e-996c-7726-bcaa-346132abc117', '019d1d0d-2a13-77ad-8d8a-9b52e88749c8', '2026-04-19T00:00:00.000Z', NULL, 11, NULL, NULL, NULL, NULL, NULL, NULL),
  ('019da994-f5bd-7e96-8009-f61831c3f07e', '019d1d0d-2a13-77ad-8d8a-9b52e88749c8', '2026-04-20T00:00:00.000Z', NULL, 11, NULL, NULL, NULL, NULL, NULL, NULL),
  ('019d94fb-85ea-784a-9552-81162034673c', '019d1d0d-2a13-787a-b3cb-e673420bae1f', '2026-04-16T00:00:00.000Z', NULL, 764, NULL, NULL, NULL, NULL, NULL, NULL),
  ('019d9a21-e278-7e46-b78c-2dd25d1d8bec', '019d1d0d-2a13-787a-b3cb-e673420bae1f', '2026-04-17T00:00:00.000Z', NULL, 764, NULL, NULL, NULL, NULL, NULL, NULL),
  ('019d9f48-3e80-7ee7-bca5-a8c16aeb013e', '019d1d0d-2a13-787a-b3cb-e673420bae1f', '2026-04-18T00:00:00.000Z', NULL, 823, NULL, NULL, NULL, NULL, NULL, NULL),
  ('019da46e-996c-77b7-aa73-c84b30d56c9f', '019d1d0d-2a13-787a-b3cb-e673420bae1f', '2026-04-19T00:00:00.000Z', NULL, 909, NULL, NULL, NULL, NULL, NULL, NULL),
  ('019da994-f5bd-7f9c-ad4c-0d723e484add', '019d1d0d-2a13-787a-b3cb-e673420bae1f', '2026-04-20T00:00:00.000Z', NULL, 909, NULL, NULL, NULL, NULL, NULL, NULL),
  ('019d94fb-85ea-78de-a443-62868b048a61', '019d1d0d-2a13-7948-9867-57ec1faaf50c', '2026-04-16T00:00:00.000Z', NULL, 70, NULL, NULL, NULL, NULL, NULL, NULL),
  ('019d9a21-e278-7ed4-986a-7eb821d9a05b', '019d1d0d-2a13-7948-9867-57ec1faaf50c', '2026-04-17T00:00:00.000Z', NULL, 70, NULL, NULL, NULL, NULL, NULL, NULL),
  ('019d9f48-3e80-7f71-98b7-f41390c6a526', '019d1d0d-2a13-7948-9867-57ec1faaf50c', '2026-04-18T00:00:00.000Z', NULL, 70, NULL, NULL, NULL, NULL, NULL, NULL),
  ('019da46e-996c-7840-a0fe-b99fc257ad8a', '019d1d0d-2a13-7948-9867-57ec1faaf50c', '2026-04-19T00:00:00.000Z', NULL, 70, NULL, NULL, NULL, NULL, NULL, NULL),
  ('019da994-f5be-70c9-832c-19228cbc610d', '019d1d0d-2a13-7948-9867-57ec1faaf50c', '2026-04-20T00:00:00.000Z', NULL, 70, NULL, NULL, NULL, NULL, NULL, NULL),
  ('019d94fb-85ea-79cf-b824-02be408c456e', '019d1d0d-2a13-7a28-ae18-018b7cb0a03b', '2026-04-16T00:00:00.000Z', NULL, 714, NULL, NULL, NULL, NULL, NULL, NULL),
  ('019d9a21-e27a-7c8f-8e17-0b270ad13e70', '019d1d0d-2a13-7a28-ae18-018b7cb0a03b', '2026-04-17T00:00:00.000Z', NULL, 714, NULL, NULL, NULL, NULL, NULL, NULL),
  ('019d9f48-3e81-75b2-aa9d-25ab69a015fb', '019d1d0d-2a13-7a28-ae18-018b7cb0a03b', '2026-04-18T00:00:00.000Z', NULL, 714, NULL, NULL, NULL, NULL, NULL, NULL),
  ('019da46e-996c-78fd-a37c-5466a15a6d81', '019d1d0d-2a13-7a28-ae18-018b7cb0a03b', '2026-04-19T00:00:00.000Z', NULL, 714, NULL, NULL, NULL, NULL, NULL, NULL),
  ('019da994-f5be-7233-8e77-7ec710f16aab', '019d1d0d-2a13-7a28-ae18-018b7cb0a03b', '2026-04-20T00:00:00.000Z', NULL, 714, NULL, NULL, NULL, NULL, NULL, NULL),
  ('019d94fb-85ea-7d2f-90f4-9d367fa8186c', '019d1d0d-2a13-7b09-a64e-99353acec162', '2026-04-16T00:00:00.000Z', NULL, 51, NULL, NULL, NULL, NULL, NULL, NULL),
  ('019d9a21-e27a-7e6f-a9ca-00c5fa0f625a', '019d1d0d-2a13-7b09-a64e-99353acec162', '2026-04-17T00:00:00.000Z', NULL, 49, NULL, NULL, NULL, NULL, NULL, NULL),
  ('019d9f48-3e81-7751-a17c-4225062644dd', '019d1d0d-2a13-7b09-a64e-99353acec162', '2026-04-18T00:00:00.000Z', NULL, 49, NULL, NULL, NULL, NULL, NULL, NULL),
  ('019da46e-996c-799d-94f3-59c457c8bb5e', '019d1d0d-2a13-7b09-a64e-99353acec162', '2026-04-19T00:00:00.000Z', NULL, 49, NULL, NULL, NULL, NULL, NULL, NULL),
  ('019da994-f5be-72fc-bf66-757895a05ba1', '019d1d0d-2a13-7b09-a64e-99353acec162', '2026-04-20T00:00:00.000Z', NULL, 47, NULL, NULL, NULL, NULL, NULL, NULL),
  ('019d94fb-85ea-7e3f-bcbe-68a08d0cbaed', '019d1d0d-2a13-7be0-a676-a11bf15d0ffd', '2026-04-16T00:00:00.000Z', NULL, 1513, NULL, NULL, NULL, NULL, NULL, NULL),
  ('019d9a21-e27a-7fc7-b6b5-4c381fb87ead', '019d1d0d-2a13-7be0-a676-a11bf15d0ffd', '2026-04-17T00:00:00.000Z', NULL, 1513, NULL, NULL, NULL, NULL, NULL, NULL),
  ('019d9f48-3e81-7834-a2e0-5fff987b8255', '019d1d0d-2a13-7be0-a676-a11bf15d0ffd', '2026-04-18T00:00:00.000Z', NULL, 1513, NULL, NULL, NULL, NULL, NULL, NULL),
  ('019da46e-996c-7a50-bead-88c227c6dedc', '019d1d0d-2a13-7be0-a676-a11bf15d0ffd', '2026-04-19T00:00:00.000Z', NULL, 1501, NULL, NULL, NULL, NULL, NULL, NULL),
  ('019da994-f5be-7476-8aeb-fc2dbbd42db3', '019d1d0d-2a13-7be0-a676-a11bf15d0ffd', '2026-04-20T00:00:00.000Z', NULL, 1501, NULL, NULL, NULL, NULL, NULL, NULL),
  ('019d94fb-85ea-7f05-bbe7-6a69383e2f66', '019d1d0d-2a13-7ce6-9913-9c01116eaf2a', '2026-04-16T00:00:00.000Z', NULL, 60, NULL, NULL, NULL, NULL, NULL, NULL),
  ('019d9a21-e27b-7261-9f17-1eb696d9dcb2', '019d1d0d-2a13-7ce6-9913-9c01116eaf2a', '2026-04-17T00:00:00.000Z', NULL, 60, NULL, NULL, NULL, NULL, NULL, NULL),
  ('019d9f48-3e81-78c5-b779-de06e50482ab', '019d1d0d-2a13-7ce6-9913-9c01116eaf2a', '2026-04-18T00:00:00.000Z', NULL, 60, NULL, NULL, NULL, NULL, NULL, NULL),
  ('019da46e-996c-7ade-9800-e9a236991fc4', '019d1d0d-2a13-7ce6-9913-9c01116eaf2a', '2026-04-19T00:00:00.000Z', NULL, 60, NULL, NULL, NULL, NULL, NULL, NULL),
  ('019da994-f5be-7540-b01e-fa1a0a8d95db', '019d1d0d-2a13-7ce6-9913-9c01116eaf2a', '2026-04-20T00:00:00.000Z', NULL, 60, NULL, NULL, NULL, NULL, NULL, NULL),
  ('019d94fb-85eb-7066-b99f-65b7ddbfc26b', '019d1d0d-2a13-7e04-8b8c-a1095cd91add', '2026-04-16T00:00:00.000Z', NULL, 60, NULL, NULL, NULL, NULL, NULL, NULL),
  ('019d9a21-e27b-749f-83c5-7c74ab793ec5', '019d1d0d-2a13-7e04-8b8c-a1095cd91add', '2026-04-17T00:00:00.000Z', NULL, 60, NULL, NULL, NULL, NULL, NULL, NULL),
  ('019d9f48-3e81-7999-8f94-1280db3d691f', '019d1d0d-2a13-7e04-8b8c-a1095cd91add', '2026-04-18T00:00:00.000Z', NULL, 60, NULL, NULL, NULL, NULL, NULL, NULL),
  ('019da46e-996c-7b9d-85ad-f1355b3c9d7b', '019d1d0d-2a13-7e04-8b8c-a1095cd91add', '2026-04-19T00:00:00.000Z', NULL, 60, NULL, NULL, NULL, NULL, NULL, NULL),
  ('019da994-f5be-7659-8b23-15896779ce64', '019d1d0d-2a13-7e04-8b8c-a1095cd91add', '2026-04-20T00:00:00.000Z', NULL, 60, NULL, NULL, NULL, NULL, NULL, NULL),
  ('019d94fb-85eb-7157-96ef-e77759650c3f', '019d1d0d-2a13-7edd-9611-9407c5b8fef1', '2026-04-16T00:00:00.000Z', NULL, 60, NULL, NULL, NULL, NULL, NULL, NULL),
  ('019d9a21-e27b-7583-b5da-61dbe86c1fdf', '019d1d0d-2a13-7edd-9611-9407c5b8fef1', '2026-04-17T00:00:00.000Z', NULL, 60, NULL, NULL, NULL, NULL, NULL, NULL),
  ('019d9f48-3e81-7a28-8046-863710bc663c', '019d1d0d-2a13-7edd-9611-9407c5b8fef1', '2026-04-18T00:00:00.000Z', NULL, 60, NULL, NULL, NULL, NULL, NULL, NULL),
  ('019da46e-996c-7c31-bedf-c1a827ccd156', '019d1d0d-2a13-7edd-9611-9407c5b8fef1', '2026-04-19T00:00:00.000Z', NULL, 60, NULL, NULL, NULL, NULL, NULL, NULL),
  ('019da994-f5be-772c-b91c-d8145859d881', '019d1d0d-2a13-7edd-9611-9407c5b8fef1', '2026-04-20T00:00:00.000Z', NULL, 60, NULL, NULL, NULL, NULL, NULL, NULL),
  ('019d94fb-8639-76b0-b48a-6754677ef6bb', '019d1d0d-2a67-7a7d-aa5f-010de2d9c98e', '2026-04-16T00:00:00.000Z', NULL, 11, NULL, NULL, NULL, NULL, NULL, NULL),
  ('019d9a21-e2d0-7165-9942-1177df94f33d', '019d1d0d-2a67-7a7d-aa5f-010de2d9c98e', '2026-04-17T00:00:00.000Z', NULL, 11, NULL, NULL, NULL, NULL, NULL, NULL),
  ('019d9f48-3ed1-722b-8829-73b5adc4c12f', '019d1d0d-2a67-7a7d-aa5f-010de2d9c98e', '2026-04-18T00:00:00.000Z', NULL, 11, NULL, NULL, NULL, NULL, NULL, NULL),
  ('019da46e-99d0-7da5-ac38-c684d57f599b', '019d1d0d-2a67-7a7d-aa5f-010de2d9c98e', '2026-04-19T00:00:00.000Z', NULL, 11, NULL, NULL, NULL, NULL, NULL, NULL),
  ('019da994-f61c-7a45-8a7a-0e906e6fb410', '019d1d0d-2a67-7a7d-aa5f-010de2d9c98e', '2026-04-20T00:00:00.000Z', NULL, 11, NULL, NULL, NULL, NULL, NULL, NULL),
  ('019d94fb-863b-73d6-9db3-6eb5562d0256', '019d1d0d-2a68-727a-af66-1191170bf46e', '2026-04-16T00:00:00.000Z', NULL, 1221, NULL, NULL, NULL, NULL, NULL, NULL),
  ('019d9a21-e2d2-7951-974b-8cff6a8bd67f', '019d1d0d-2a68-727a-af66-1191170bf46e', '2026-04-17T00:00:00.000Z', NULL, 1221, NULL, NULL, NULL, NULL, NULL, NULL),
  ('019d9f48-3ed3-7ce5-a0ff-87898282823a', '019d1d0d-2a68-727a-af66-1191170bf46e', '2026-04-18T00:00:00.000Z', NULL, 914, NULL, NULL, NULL, NULL, NULL, NULL),
  ('019da46e-99d3-793c-9546-3c1031aba760', '019d1d0d-2a68-727a-af66-1191170bf46e', '2026-04-19T00:00:00.000Z', NULL, 914, NULL, NULL, NULL, NULL, NULL, NULL),
  ('019da994-f61e-7ca3-93b6-f2f49ba45fec', '019d1d0d-2a68-727a-af66-1191170bf46e', '2026-04-20T00:00:00.000Z', NULL, 914, NULL, NULL, NULL, NULL, NULL, NULL),
  ('019d94fb-864e-7e04-a2c9-e739ceba4794', '019d1d0d-2a68-7374-9c22-12476c20a361', '2026-04-16T00:00:00.000Z', NULL, 815, NULL, NULL, NULL, NULL, NULL, NULL),
  ('019d9a21-e2d3-71aa-b248-c6bc229a97ba', '019d1d0d-2a68-7374-9c22-12476c20a361', '2026-04-17T00:00:00.000Z', NULL, 815, NULL, NULL, NULL, NULL, NULL, NULL),
  ('019d9f48-3ed4-71d6-9285-87b8b29ba4b9', '019d1d0d-2a68-7374-9c22-12476c20a361', '2026-04-18T00:00:00.000Z', NULL, 815, NULL, NULL, NULL, NULL, NULL, NULL),
  ('019da46e-99d3-7e3d-ab26-961ba62abe74', '019d1d0d-2a68-7374-9c22-12476c20a361', '2026-04-19T00:00:00.000Z', NULL, 815, NULL, NULL, NULL, NULL, NULL, NULL),
  ('019da994-f631-765f-8df1-673475eec0e1', '019d1d0d-2a68-7374-9c22-12476c20a361', '2026-04-20T00:00:00.000Z', NULL, 891, NULL, NULL, NULL, NULL, NULL, NULL),
  ('019d94fb-864f-71e0-b926-056b90f223cf', '019d1d0d-2a68-746b-b5d0-cfa838348e4a', '2026-04-16T00:00:00.000Z', NULL, 1034, NULL, NULL, NULL, NULL, NULL, NULL),
  ('019d9a21-e2eb-7d89-8907-6b4529776f33', '019d1d0d-2a68-746b-b5d0-cfa838348e4a', '2026-04-17T00:00:00.000Z', NULL, 1034, NULL, NULL, NULL, NULL, NULL, NULL),
  ('019d9f48-3ee6-78a1-b00a-8c1ff5ff3827', '019d1d0d-2a68-746b-b5d0-cfa838348e4a', '2026-04-18T00:00:00.000Z', NULL, 1009, NULL, NULL, NULL, NULL, NULL, NULL),
  ('019da46e-99e7-75e6-8554-f94ac754282c', '019d1d0d-2a68-746b-b5d0-cfa838348e4a', '2026-04-19T00:00:00.000Z', NULL, 1009, NULL, NULL, NULL, NULL, NULL, NULL),
  ('019da994-f631-7e3f-aefb-eee4b03f56d3', '019d1d0d-2a68-746b-b5d0-cfa838348e4a', '2026-04-20T00:00:00.000Z', NULL, 1221, NULL, NULL, NULL, NULL, NULL, NULL),
  ('019d94df-fddd-7eb2-9fa0-0821fb65b853', '019d20e6-639d-7de2-a3f4-345b222add3e', '2026-04-15T20:00:23.000Z', 543, 496, 799, 1999, NULL, NULL, NULL, NULL),
  ('019d9a06-5969-7db0-b6c9-4b1df61de2f1', '019d20e6-639d-7de2-a3f4-345b222add3e', '2026-04-16T20:00:24.000Z', 598, 499, 799, 1999, NULL, NULL, NULL, NULL),
  ('019d9f2c-b56d-7d8f-9aaf-c993a366628d', '019d20e6-639d-7de2-a3f4-345b222add3e', '2026-04-17T20:00:21.000Z', 607, 500, 792, 1999, NULL, NULL, NULL, NULL),
  ('019da453-11e2-77da-9781-fd2e444f4efb', '019d20e6-639d-7de2-a3f4-345b222add3e', '2026-04-18T20:00:18.000Z', 607, 490, 759, 1999, NULL, NULL, NULL, NULL),
  ('019da979-6d74-75f4-bfc1-77b0912e2d25', '019d20e6-639d-7de2-a3f4-345b222add3e', '2026-04-19T20:00:20.000Z', 631, 500, 758, 1999, NULL, NULL, NULL, NULL),
  ('019d94df-fe59-7fff-8a6a-9a8ad4c9a45e', '019d20e6-aa4c-70f9-908f-02f7610971ed', '2026-04-15T20:00:21.000Z', 563, 385, 699, 3000, NULL, NULL, NULL, NULL),
  ('019d9a06-5a20-7343-82ad-21f25e5f0422', '019d20e6-aa4c-70f9-908f-02f7610971ed', '2026-04-16T20:00:23.000Z', 545, 385, 699, 3000, NULL, NULL, NULL, NULL),
  ('019d9f2c-b5ea-7ab6-a4bd-8cf1b774901c', '019d20e6-aa4c-70f9-908f-02f7610971ed', '2026-04-17T20:00:18.000Z', 521, 385, 699, 3000, NULL, NULL, NULL, NULL),
  ('019da453-1287-7cb5-a6fb-9e679dd5770b', '019d20e6-aa4c-70f9-908f-02f7610971ed', '2026-04-18T20:00:15.000Z', 515, 369, 699, 3000, NULL, NULL, NULL, NULL),
  ('019da979-6e16-783f-a71c-0024e3e40b65', '019d20e6-aa4c-70f9-908f-02f7610971ed', '2026-04-19T20:00:17.000Z', 512, 353, 699, 3000, NULL, NULL, NULL, NULL),
  ('019d94ed-b851-79ad-8733-d836949cebf6', '019d20e6-de36-71a5-9651-69e938c91a09', '2026-04-16T00:48:46.000Z', 481, 300, NULL, NULL, 409, 501, 422, 472),
  ('019d9a14-158a-748e-a100-b2659836ef56', '019d20e6-de36-71a5-9651-69e938c91a09', '2026-04-17T00:42:53.000Z', 481, 300, NULL, NULL, 402, 501, 422, 472),
  ('019d9f3a-717b-7fc3-bd8d-7bf227aec922', '019d20e6-de36-71a5-9651-69e938c91a09', '2026-04-18T00:49:04.000Z', 481, 295, NULL, NULL, 399, 420, 404, 466),
  ('019da460-cd56-7b8f-982e-36195b84e18a', '019d20e6-de36-71a5-9651-69e938c91a09', '2026-04-19T00:50:04.000Z', 481, 295, NULL, NULL, 401, 440, 418, 464),
  ('019da987-2893-75c5-9dca-af74280f7d77', '019d20e6-de36-71a5-9651-69e938c91a09', '2026-04-20T00:43:18.000Z', 481, 295, NULL, NULL, 392, 325, 420, 455),
  ('019d94fb-8639-7f84-b58a-4a1912a5fee7', '019d20e7-024e-7678-aab8-a4f3d4131f97', '2026-04-16T00:00:00.000Z', NULL, 370, NULL, NULL, NULL, NULL, NULL, NULL),
  ('019d9a21-e2d0-7c0d-902f-c19d09a6bbe6', '019d20e7-024e-7678-aab8-a4f3d4131f97', '2026-04-17T00:00:00.000Z', NULL, 370, NULL, NULL, NULL, NULL, NULL, NULL),
  ('019d9f48-3ed1-7cca-bb94-e35c864fa6b8', '019d20e7-024e-7678-aab8-a4f3d4131f97', '2026-04-18T00:00:00.000Z', NULL, 370, NULL, NULL, NULL, NULL, NULL, NULL),
  ('019da46e-99d1-7cb5-a9e4-b615526ab31e', '019d20e7-024e-7678-aab8-a4f3d4131f97', '2026-04-19T00:00:00.000Z', NULL, 369, NULL, NULL, NULL, NULL, NULL, NULL),
  ('019da994-f61d-754e-909a-862fcaeb1fb4', '019d20e7-024e-7678-aab8-a4f3d4131f97', '2026-04-20T00:00:00.000Z', NULL, 369, NULL, NULL, NULL, NULL, NULL, NULL),
  ('019d94ed-b8c0-7157-aff8-bdc2aa9e1e2f', '019d20e7-1e9e-70d6-a37c-01288b77a1df', '2026-04-16T00:48:46.000Z', 1035, 800, NULL, NULL, 943, 992, 931, 945),
  ('019d9a14-161e-7b0d-a2fa-d5504431ccff', '019d20e7-1e9e-70d6-a37c-01288b77a1df', '2026-04-17T00:42:53.000Z', 1035, 800, NULL, NULL, 952, 992, 931, 945),
  ('019d9f3a-71f2-722b-8255-3dcf98374e54', '019d20e7-1e9e-70d6-a37c-01288b77a1df', '2026-04-18T00:49:04.000Z', 1035, 800, NULL, NULL, 955, 999, 963, 947),
  ('019da460-cdee-7e0d-8ca8-f5af452ecf46', '019d20e7-1e9e-70d6-a37c-01288b77a1df', '2026-04-19T00:50:04.000Z', 1035, 797, NULL, NULL, 979, 999, 963, 947),
  ('019da987-2939-70e4-bd74-dce1c5b1ff6b', '019d20e7-1e9e-70d6-a37c-01288b77a1df', '2026-04-20T00:43:18.000Z', 1035, 797, NULL, NULL, 979, 1200, 969, 950),
  ('019d94ed-b8be-7631-aa0b-552d9249b55a', '019d20e7-2b3a-7260-8dea-2adb77cefaf8', '2026-04-16T00:48:46.000Z', 671, 450, NULL, NULL, 711, 743, 702, 673),
  ('019d9a14-161d-71b1-89c3-895602dd8b63', '019d20e7-2b3a-7260-8dea-2adb77cefaf8', '2026-04-17T00:42:53.000Z', 671, 450, NULL, NULL, 721, 743, 702, 673),
  ('019d9f3a-71f0-7cb9-a6ce-c1a01999d4d1', '019d20e7-2b3a-7260-8dea-2adb77cefaf8', '2026-04-18T00:49:04.000Z', 671, 500, NULL, NULL, 728, 732, 714, 680),
  ('019da460-cded-7005-8749-4ce0a7d02397', '019d20e7-2b3a-7260-8dea-2adb77cefaf8', '2026-04-19T00:50:04.000Z', 671, 450, NULL, NULL, 719, 600, 700, 684),
  ('019da987-2936-7f60-adc7-acc115fc1b71', '019d20e7-2b3a-7260-8dea-2adb77cefaf8', '2026-04-20T00:43:18.000Z', 671, 450, NULL, NULL, 719, 717, 711, 684),
  ('019d94fb-8639-77ac-a2fe-b9a7fd4ea9f2', '019d20e7-6444-7354-9cbd-183bd5d123c2', '2026-04-16T00:00:00.000Z', NULL, 535, NULL, NULL, NULL, NULL, NULL, NULL),
  ('019d9a21-e2d0-72e3-820b-dca1d6738ba9', '019d20e7-6444-7354-9cbd-183bd5d123c2', '2026-04-17T00:00:00.000Z', NULL, 525, NULL, NULL, NULL, NULL, NULL, NULL),
  ('019d9f48-3ed1-72fd-a82e-4b70a88350ee', '019d20e7-6444-7354-9cbd-183bd5d123c2', '2026-04-18T00:00:00.000Z', NULL, 542, NULL, NULL, NULL, NULL, NULL, NULL),
  ('019da46e-99d0-7e9a-8e9b-1e36a8e55510', '019d20e7-6444-7354-9cbd-183bd5d123c2', '2026-04-19T00:00:00.000Z', NULL, 542, NULL, NULL, NULL, NULL, NULL, NULL),
  ('019da994-f61c-7b12-8dac-10faa9831880', '019d20e7-6444-7354-9cbd-183bd5d123c2', '2026-04-20T00:00:00.000Z', NULL, 564, NULL, NULL, NULL, NULL, NULL, NULL),
  ('019d94df-fe71-7cba-912c-875b4a4f6499', '019d271d-3bc8-715b-a631-c098461c9605', '2026-04-15T20:00:21.000Z', 877, 789, 1010, 2500, NULL, NULL, NULL, NULL),
  ('019d9a06-5a52-7dce-a102-87d3f71745f9', '019d271d-3bc8-715b-a631-c098461c9605', '2026-04-16T20:00:23.000Z', 877, 590, 1000, 2500, NULL, NULL, NULL, NULL),
  ('019d9f2c-b601-7a3d-93e2-a73cef472b6b', '019d271d-3bc8-715b-a631-c098461c9605', '2026-04-17T20:00:18.000Z', 877, 590, 1000, 2500, NULL, NULL, NULL, NULL),
  ('019da453-12a2-7d49-82fc-eebfd9c49958', '019d271d-3bc8-715b-a631-c098461c9605', '2026-04-18T20:00:15.000Z', 877, 590, 996, 2500, NULL, NULL, NULL, NULL),
  ('019da979-6e36-7fc5-9660-7318920263dd', '019d271d-3bc8-715b-a631-c098461c9605', '2026-04-19T20:00:17.000Z', 834, 590, 997, 2500, NULL, NULL, NULL, NULL),
  ('019d94ed-b8c0-7f5a-9b55-248a02699deb', '019d271d-3bc8-7b9b-900b-4a070ee1c013', '2026-04-16T00:48:46.000Z', 427, 350, NULL, NULL, 387, 400, 397, 416),
  ('019d9a14-161f-7ea0-b793-d21c911c3378', '019d271d-3bc8-7b9b-900b-4a070ee1c013', '2026-04-17T00:42:53.000Z', 427, 350, NULL, NULL, 389, 400, 397, 416),
  ('019d9f3a-71f3-759b-90a4-e4c8d7ee9704', '019d271d-3bc8-7b9b-900b-4a070ee1c013', '2026-04-18T00:49:04.000Z', 427, 349, NULL, NULL, 389, 410, 404, 414),
  ('019da460-cdef-7e18-bb97-9348951cd4c0', '019d271d-3bc8-7b9b-900b-4a070ee1c013', '2026-04-19T00:50:04.000Z', 427, 349, NULL, NULL, 395, 500, 421, 419),
  ('019da987-293a-77a9-9e71-2603d99ca071', '019d271d-3bc8-7b9b-900b-4a070ee1c013', '2026-04-20T00:43:18.000Z', 427, 349, NULL, NULL, 403, 500, 406, 423),
  ('019d94fb-864f-730a-86e0-71c2dba19040', '019d271d-3bc8-7dd0-ae1e-8a1580674560', '2026-04-16T00:00:00.000Z', NULL, 511, NULL, NULL, NULL, NULL, NULL, NULL),
  ('019d9a21-e2ec-7798-be79-a42f82bb8fe3', '019d271d-3bc8-7dd0-ae1e-8a1580674560', '2026-04-17T00:00:00.000Z', NULL, 511, NULL, NULL, NULL, NULL, NULL, NULL),
  ('019d9f48-3ee6-7e6f-8714-6f3939e31854', '019d271d-3bc8-7dd0-ae1e-8a1580674560', '2026-04-18T00:00:00.000Z', NULL, 564, NULL, NULL, NULL, NULL, NULL, NULL),
  ('019da46e-99e7-7fe9-8c59-e2feb1f9dece', '019d271d-3bc8-7dd0-ae1e-8a1580674560', '2026-04-19T00:00:00.000Z', NULL, 564, NULL, NULL, NULL, NULL, NULL, NULL),
  ('019da994-f631-7f98-b591-82878ec99ad4', '019d271d-3bc8-7dd0-ae1e-8a1580674560', '2026-04-20T00:00:00.000Z', NULL, 564, NULL, NULL, NULL, NULL, NULL, NULL),
  ('019d94df-fe71-7e34-b868-a8e26e7701d1', '019d271d-71ad-74f6-a38d-54b605523b7a', '2026-04-15T20:00:21.000Z', 3711, 3605, 4109, 12500, NULL, NULL, NULL, NULL),
  ('019d9a06-5a53-799c-a1bc-026f239fe4dd', '019d271d-71ad-74f6-a38d-54b605523b7a', '2026-04-16T20:00:23.000Z', 3711, 3578, 3863, 12500, NULL, NULL, NULL, NULL),
  ('019d9f2c-b601-7bf3-a5ed-0721bc1063a3', '019d271d-71ad-74f6-a38d-54b605523b7a', '2026-04-17T20:00:18.000Z', 3701, 3578, 3863, 12500, NULL, NULL, NULL, NULL),
  ('019da453-12a2-7e95-a6c1-a0a22181ca12', '019d271d-71ad-74f6-a38d-54b605523b7a', '2026-04-18T20:00:15.000Z', 3701, 3578, 3863, 12500, NULL, NULL, NULL, NULL),
  ('019da979-6e37-7663-9d5e-296319e29698', '019d271d-71ad-74f6-a38d-54b605523b7a', '2026-04-19T20:00:17.000Z', 3681, 3570, 4000, 12500, NULL, NULL, NULL, NULL),
  ('019d94ed-b8c1-70e7-b121-4d639160b845', '019d271d-892d-7aad-a425-802f4111cba4', '2026-04-16T00:48:46.000Z', 1278, 1000, NULL, NULL, 1334, 1500, 1389, 1281),
  ('019d9a14-1620-7113-baa6-1ab966b97f3c', '019d271d-892d-7aad-a425-802f4111cba4', '2026-04-17T00:42:53.000Z', 1278, 1000, NULL, NULL, 1334, 1500, 1389, 1281),
  ('019d9f3a-71f3-776f-9167-c186f2a7b1fc', '019d271d-892d-7aad-a425-802f4111cba4', '2026-04-18T00:49:04.000Z', 1278, 1000, NULL, NULL, 1341, 1350, 1407, 1284),
  ('019da460-cdef-7fce-9190-d2f328a90a13', '019d271d-892d-7aad-a425-802f4111cba4', '2026-04-19T00:50:04.000Z', 1278, 1000, NULL, NULL, 1364, 1500, 1353, 1290),
  ('019da987-293a-79a6-92eb-121a8dd8c1d6', '019d271d-892d-7aad-a425-802f4111cba4', '2026-04-20T00:43:18.000Z', 1278, 1000, NULL, NULL, 1438, 1800, 1414, 1297),
  ('019d94fb-864f-7476-8269-4fea495dad3a', '019d271d-9f3d-7ce9-87f2-582b0e12d488', '2026-04-16T00:00:00.000Z', NULL, 1407, NULL, NULL, NULL, NULL, NULL, NULL),
  ('019d9a21-e2ec-79e8-8969-1df2f300a2f3', '019d271d-9f3d-7ce9-87f2-582b0e12d488', '2026-04-17T00:00:00.000Z', NULL, 1407, NULL, NULL, NULL, NULL, NULL, NULL),
  ('019d9f48-3ee7-717c-a23d-e1261602e7e2', '019d271d-9f3d-7ce9-87f2-582b0e12d488', '2026-04-18T00:00:00.000Z', NULL, 1413, NULL, NULL, NULL, NULL, NULL, NULL),
  ('019da46e-99e8-7369-a387-b7508a37ee56', '019d271d-9f3d-7ce9-87f2-582b0e12d488', '2026-04-19T00:00:00.000Z', NULL, 1413, NULL, NULL, NULL, NULL, NULL, NULL),
  ('019da994-f633-7159-82ab-61e3ba022dad', '019d271d-9f3d-7ce9-87f2-582b0e12d488', '2026-04-20T00:00:00.000Z', NULL, 1413, NULL, NULL, NULL, NULL, NULL, NULL),
  ('019d94df-fe71-7f89-ad9c-cf69aaaa0c77', '019d271d-d6ff-7448-820a-e599e9fda7be', '2026-04-15T20:00:21.000Z', 501, 375, 501, 745, NULL, NULL, NULL, NULL),
  ('019d9a06-5a54-7a9c-b0da-53c589401c2c', '019d271d-d6ff-7448-820a-e599e9fda7be', '2026-04-16T20:00:23.000Z', 501, 375, 505, 745, NULL, NULL, NULL, NULL),
  ('019d9f2c-b601-7d57-b97a-26a4756d8538', '019d271d-d6ff-7448-820a-e599e9fda7be', '2026-04-17T20:00:18.000Z', 497, 375, 506, 745, NULL, NULL, NULL, NULL),
  ('019da453-12a2-7fae-8820-403f8e9e93d7', '019d271d-d6ff-7448-820a-e599e9fda7be', '2026-04-18T20:00:15.000Z', 497, 375, 506, 745, NULL, NULL, NULL, NULL),
  ('019da979-6e38-75fb-898d-a9716b083c24', '019d271d-d6ff-7448-820a-e599e9fda7be', '2026-04-19T20:00:17.000Z', 477, 375, 509, 745, NULL, NULL, NULL, NULL),
  ('019d94ed-b8c1-7359-85cd-f0fc479f2cb0', '019d271d-ef38-78cb-88c0-8c5acf45b70f', '2026-04-16T00:48:46.000Z', 367, 279, NULL, NULL, 346, 284, 350, 359),
  ('019d9a14-1620-7422-a7f1-d01ac2f91150', '019d271d-ef38-78cb-88c0-8c5acf45b70f', '2026-04-17T00:42:53.000Z', 367, 279, NULL, NULL, 341, 284, 350, 359),
  ('019d9f3a-71f3-7920-be0e-d6f81fd1fd03', '019d271d-ef38-78cb-88c0-8c5acf45b70f', '2026-04-18T00:49:04.000Z', 367, 280, NULL, NULL, 339, 340, 343, 360),
  ('019da460-cdf0-72bf-b3aa-679b28981281', '019d271d-ef38-78cb-88c0-8c5acf45b70f', '2026-04-19T00:50:04.000Z', 367, 280, NULL, NULL, 325, 340, 343, 360),
  ('019da987-293a-7b33-81f9-a71f8b85a831', '019d271d-ef38-78cb-88c0-8c5acf45b70f', '2026-04-20T00:43:18.000Z', 367, 280, NULL, NULL, 325, 300, 348, 360),
  ('019d94fb-864f-75cb-af16-06d030f6756a', '019d271e-df84-79cb-8252-b6b4167e1b84', '2026-04-16T00:00:00.000Z', NULL, 493, NULL, NULL, NULL, NULL, NULL, NULL),
  ('019d9a21-e2ec-7b69-a060-b0430213ed12', '019d271e-df84-79cb-8252-b6b4167e1b84', '2026-04-17T00:00:00.000Z', NULL, 496, NULL, NULL, NULL, NULL, NULL, NULL),
  ('019d9f48-3ee7-730a-b350-aa19936dd6c1', '019d271e-df84-79cb-8252-b6b4167e1b84', '2026-04-18T00:00:00.000Z', NULL, 496, NULL, NULL, NULL, NULL, NULL, NULL),
  ('019da46e-99e8-759a-9182-d2cf8bb17682', '019d271e-df84-79cb-8252-b6b4167e1b84', '2026-04-19T00:00:00.000Z', NULL, 496, NULL, NULL, NULL, NULL, NULL, NULL),
  ('019da994-f633-7455-82b4-82ad13fe08a9', '019d271e-df84-79cb-8252-b6b4167e1b84', '2026-04-20T00:00:00.000Z', NULL, 496, NULL, NULL, NULL, NULL, NULL, NULL),
  ('019d94df-fe72-711e-87cc-344efac27a47', '019d271f-192c-7787-a80e-4fc1474500cd', '2026-04-15T20:00:21.000Z', 3426, 3319, 3724, 7500, NULL, NULL, NULL, NULL),
  ('019d9a06-5a55-74bc-ab70-1bc4250e33f1', '019d271f-192c-7787-a80e-4fc1474500cd', '2026-04-16T20:00:23.000Z', 3426, 3187, 3677, 7500, NULL, NULL, NULL, NULL),
  ('019d9f2c-b601-7e3e-9c79-63a06e5fa67b', '019d271f-192c-7787-a80e-4fc1474500cd', '2026-04-17T20:00:18.000Z', 3415, 3186, 3649, 7500, NULL, NULL, NULL, NULL),
  ('019da453-12a3-7130-8237-adb4b1a3a3e3', '019d271f-192c-7787-a80e-4fc1474500cd', '2026-04-18T20:00:15.000Z', 3415, 3086, 3625, 7500, NULL, NULL, NULL, NULL),
  ('019da979-6e38-7bbe-8c47-dc16937221e4', '019d271f-192c-7787-a80e-4fc1474500cd', '2026-04-19T20:00:17.000Z', 3400, 3029, 3649, 7500, NULL, NULL, NULL, NULL),
  ('019d94ed-b8c1-74ad-b15c-d98f4718dcf5', '019d271f-3089-78a6-9be8-bcd03d2c67f8', '2026-04-16T00:48:46.000Z', 1592, 1500, NULL, NULL, 1654, 1625, 1599, 1580),
  ('019d9a14-1620-75a8-ad2d-c77803ceccf7', '019d271f-3089-78a6-9be8-bcd03d2c67f8', '2026-04-17T00:42:53.000Z', 1592, 1500, NULL, NULL, 1654, 1625, 1599, 1580),
  ('019d9f3a-71f3-7a67-b741-c72b467a49ad', '019d271f-3089-78a6-9be8-bcd03d2c67f8', '2026-04-18T00:49:04.000Z', 1592, 1500, NULL, NULL, 1661, 1670, 1618, 1582),
  ('019da460-cdf0-7412-9779-0ea4b3e26b19', '019d271f-3089-78a6-9be8-bcd03d2c67f8', '2026-04-19T00:50:04.000Z', 1592, 1500, NULL, NULL, 1661, 1670, 1618, 1582),
  ('019da987-293b-719b-bf17-2f1ec1c52fca', '019d271f-3089-78a6-9be8-bcd03d2c67f8', '2026-04-20T00:43:18.000Z', 1592, 1500, NULL, NULL, 1638, 1500, 1581, 1581),
  ('019d94fb-864f-771d-806f-487356b650e1', '019d271f-4aa4-7a61-bca4-6e01982a8bc4', '2026-04-16T00:00:00.000Z', NULL, 1622, NULL, NULL, NULL, NULL, NULL, NULL),
  ('019d9a21-e2ec-7d23-bc61-0e04e29655ac', '019d271f-4aa4-7a61-bca4-6e01982a8bc4', '2026-04-17T00:00:00.000Z', NULL, 1622, NULL, NULL, NULL, NULL, NULL, NULL),
  ('019d9f48-3ee7-74b8-9b8b-0685e3480189', '019d271f-4aa4-7a61-bca4-6e01982a8bc4', '2026-04-18T00:00:00.000Z', NULL, 1622, NULL, NULL, NULL, NULL, NULL, NULL),
  ('019da46e-99e8-775c-98d0-faa481156fb2', '019d271f-4aa4-7a61-bca4-6e01982a8bc4', '2026-04-19T00:00:00.000Z', NULL, 1622, NULL, NULL, NULL, NULL, NULL, NULL),
  ('019da994-f633-7612-bc91-914490370b9b', '019d271f-4aa4-7a61-bca4-6e01982a8bc4', '2026-04-20T00:00:00.000Z', NULL, 1516, NULL, NULL, NULL, NULL, NULL, NULL),
  ('019d94df-fe72-727e-8106-4e8788f097b1', '019d271f-7fc7-70d1-9cfb-2f0cefff16ce', '2026-04-15T20:00:21.000Z', 735, 464, 1025, 3830, NULL, NULL, NULL, NULL),
  ('019d9a06-5a55-7eb3-93d7-f7424c948c61', '019d271f-7fc7-70d1-9cfb-2f0cefff16ce', '2026-04-16T20:00:23.000Z', 735, 466, 994, 3830, NULL, NULL, NULL, NULL),
  ('019d9f2c-b601-7f51-b961-011294600ade', '019d271f-7fc7-70d1-9cfb-2f0cefff16ce', '2026-04-17T20:00:18.000Z', 720, 466, 947, 3830, NULL, NULL, NULL, NULL),
  ('019da453-12a3-7275-8f2d-802f768ffbdc', '019d271f-7fc7-70d1-9cfb-2f0cefff16ce', '2026-04-18T20:00:15.000Z', 720, 377, 900, 3830, NULL, NULL, NULL, NULL),
  ('019da979-6e39-732e-8f5f-44c21c1ae7ae', '019d271f-7fc7-70d1-9cfb-2f0cefff16ce', '2026-04-19T20:00:17.000Z', 687, 459, 900, 3830, NULL, NULL, NULL, NULL),
  ('019d94ed-b8c1-7643-a563-62989d511d76', '019d271f-9586-7fd9-a722-867fb0a85f45', '2026-04-16T00:48:46.000Z', 505, 350, NULL, NULL, 471, 599, 487, 498),
  ('019d9a14-1620-774e-afe7-4e30277f871a', '019d271f-9586-7fd9-a722-867fb0a85f45', '2026-04-17T00:42:53.000Z', 505, 350, NULL, NULL, 467, 599, 487, 498),
  ('019d9f3a-71f3-7c1b-bd7c-e1036a7cbb6d', '019d271f-9586-7fd9-a722-867fb0a85f45', '2026-04-18T00:49:04.000Z', 505, 350, NULL, NULL, 469, 415, 486, 481),
  ('019da460-cdf0-756b-a240-3cc8b73ef494', '019d271f-9586-7fd9-a722-867fb0a85f45', '2026-04-19T00:50:04.000Z', 505, 350, NULL, NULL, 469, 415, 486, 481),
  ('019da987-293b-7453-b9f1-4a8dd0f0c6c1', '019d271f-9586-7fd9-a722-867fb0a85f45', '2026-04-20T00:43:18.000Z', 505, 350, NULL, NULL, 469, 415, 486, 481),
  ('019d94fb-864f-7833-8b13-7b9da21ed725', '019d271f-a485-7581-9ce9-5e89aed35676', '2026-04-16T00:00:00.000Z', NULL, 647, NULL, NULL, NULL, NULL, NULL, NULL),
  ('019d9a21-e2ec-7e8a-b08e-ca11b95c4439', '019d271f-a485-7581-9ce9-5e89aed35676', '2026-04-17T00:00:00.000Z', NULL, 636, NULL, NULL, NULL, NULL, NULL, NULL),
  ('019d9f48-3ee7-763c-a1d0-cfb8c54007b8', '019d271f-a485-7581-9ce9-5e89aed35676', '2026-04-18T00:00:00.000Z', NULL, 609, NULL, NULL, NULL, NULL, NULL, NULL),
  ('019da46e-99e8-78d0-9b60-4a6e7fade226', '019d271f-a485-7581-9ce9-5e89aed35676', '2026-04-19T00:00:00.000Z', NULL, 608, NULL, NULL, NULL, NULL, NULL, NULL),
  ('019da994-f633-7a74-bb09-8d92e5bd6b10', '019d271f-a485-7581-9ce9-5e89aed35676', '2026-04-20T00:00:00.000Z', NULL, 608, NULL, NULL, NULL, NULL, NULL, NULL),
  ('019d94df-fe72-734f-80b4-f704f8a69bbd', '019d271f-cd56-7c76-8451-331fc5b2ee4e', '2026-04-15T20:00:21.000Z', 1096, 776, 1450, 3749, NULL, NULL, NULL, NULL),
  ('019d9a06-5a56-7122-a5ab-c9b48f80880b', '019d271f-cd56-7c76-8451-331fc5b2ee4e', '2026-04-16T20:00:23.000Z', 1096, 750, 1394, 3749, NULL, NULL, NULL, NULL),
  ('019d9f2c-b602-70df-81c3-4d46bcc521e9', '019d271f-cd56-7c76-8451-331fc5b2ee4e', '2026-04-17T20:00:18.000Z', 1065, 750, 1380, 3749, NULL, NULL, NULL, NULL),
  ('019da453-12a3-7335-b350-8670ae6d18c8', '019d271f-cd56-7c76-8451-331fc5b2ee4e', '2026-04-18T20:00:15.000Z', 1065, 750, 1385, 3749, NULL, NULL, NULL, NULL),
  ('019da979-6e39-74aa-bab4-b1a4f5380211', '019d271f-cd56-7c76-8451-331fc5b2ee4e', '2026-04-19T20:00:17.000Z', 946, 750, 1389, 3749, NULL, NULL, NULL, NULL),
  ('019d94ed-b8c1-776f-b1bc-c8a34d660e41', '019d271f-e218-71b0-aeb2-6919275316ef', '2026-04-16T00:48:46.000Z', 525, 394, NULL, NULL, 423, 399, 459, 499),
  ('019d9a14-1620-7b4d-beed-32398dbf6b15', '019d271f-e218-71b0-aeb2-6919275316ef', '2026-04-17T00:42:53.000Z', 525, 394, NULL, NULL, 397, 399, 459, 499),
  ('019d9f3a-71f3-7d9c-a85a-0650be69ea0a', '019d271f-e218-71b0-aeb2-6919275316ef', '2026-04-18T00:49:04.000Z', 525, 380, NULL, NULL, 397, 200, 439, 491),
  ('019da460-cdf0-766e-9991-707ab94f9747', '019d271f-e218-71b0-aeb2-6919275316ef', '2026-04-19T00:50:04.000Z', 525, 394, NULL, NULL, 397, 200, 439, 491),
  ('019da987-293b-7734-8d0a-348aebc4fe1d', '019d271f-e218-71b0-aeb2-6919275316ef', '2026-04-20T00:43:18.000Z', 525, 394, NULL, NULL, 397, 200, 439, 491),
  ('019d94fb-864f-7992-971e-611cf33fc3d4', '019d271f-ef5f-76af-a1a6-7c79e3c3a3e2', '2026-04-16T00:00:00.000Z', NULL, 706, NULL, NULL, NULL, NULL, NULL, NULL),
  ('019d9a21-e2ed-70c7-bf9b-d8adf7f6be5a', '019d271f-ef5f-76af-a1a6-7c79e3c3a3e2', '2026-04-17T00:00:00.000Z', NULL, 713, NULL, NULL, NULL, NULL, NULL, NULL),
  ('019d9f48-3ee7-77e3-acac-3978dc62ed20', '019d271f-ef5f-76af-a1a6-7c79e3c3a3e2', '2026-04-18T00:00:00.000Z', NULL, 510, NULL, NULL, NULL, NULL, NULL, NULL),
  ('019da46e-99e8-7a90-bad9-82f97f95654b', '019d271f-ef5f-76af-a1a6-7c79e3c3a3e2', '2026-04-19T00:00:00.000Z', NULL, 510, NULL, NULL, NULL, NULL, NULL, NULL),
  ('019da994-f633-7dcf-bbc7-15fbb06ba52d', '019d271f-ef5f-76af-a1a6-7c79e3c3a3e2', '2026-04-20T00:00:00.000Z', NULL, 510, NULL, NULL, NULL, NULL, NULL, NULL),
  ('019d94df-fe72-74c1-a670-8f7ea0cde07b', '019d2720-1f9c-713c-8301-5d1e15e8e3a3', '2026-04-15T20:00:21.000Z', 310, 277, 548, 2095, NULL, NULL, NULL, NULL),
  ('019d9a06-5a56-7a35-9d0a-c1c62bb0e0cb', '019d2720-1f9c-713c-8301-5d1e15e8e3a3', '2026-04-16T20:00:23.000Z', 310, 279, 435, 2095, NULL, NULL, NULL, NULL),
  ('019d9f2c-b602-727c-97ce-447d67575dce', '019d2720-1f9c-713c-8301-5d1e15e8e3a3', '2026-04-17T20:00:18.000Z', 311, 279, 435, 2095, NULL, NULL, NULL, NULL),
  ('019da453-12a3-74e9-b6d9-b89244350926', '019d2720-1f9c-713c-8301-5d1e15e8e3a3', '2026-04-18T20:00:15.000Z', 311, 280, 400, 2095, NULL, NULL, NULL, NULL),
  ('019da979-6e39-79dc-a280-89e16abc445b', '019d2720-1f9c-713c-8301-5d1e15e8e3a3', '2026-04-19T20:00:17.000Z', 316, 280, 435, 2095, NULL, NULL, NULL, NULL),
  ('019d94ed-b8c1-78c3-b8e8-c16d54a06d00', '019d2720-2f90-7388-9b50-19f89cfcd488', '2026-04-16T00:48:46.000Z', 388, 310, NULL, NULL, 322, 400, 397, 418),
  ('019d9a14-1620-7d5a-b2d7-63d75e84cdfb', '019d2720-2f90-7388-9b50-19f89cfcd488', '2026-04-17T00:42:53.000Z', 388, 310, NULL, NULL, 322, 400, 397, 418),
  ('019d9f3a-71f3-7f2a-bfa3-cfd27d0cca65', '019d2720-2f90-7388-9b50-19f89cfcd488', '2026-04-18T00:49:04.000Z', 388, 300, NULL, NULL, 348, 413, 407, 408),
  ('019da460-cdf0-77bb-a307-d68c94b18250', '019d2720-2f90-7388-9b50-19f89cfcd488', '2026-04-19T00:50:04.000Z', 388, 300, NULL, NULL, 348, 413, 407, 408),
  ('019da987-293b-7958-8134-d10daea5fdb0', '019d2720-2f90-7388-9b50-19f89cfcd488', '2026-04-20T00:43:18.000Z', 388, 300, NULL, NULL, 348, 413, 407, 408),
  ('019d94fb-864f-7ab4-a7e0-f03798b586f3', '019d2720-47fb-7dc1-ab43-32dcbff73541', '2026-04-16T00:00:00.000Z', NULL, 321, NULL, NULL, NULL, NULL, NULL, NULL),
  ('019d9a21-e2ed-7253-a450-00a65937b029', '019d2720-47fb-7dc1-ab43-32dcbff73541', '2026-04-17T00:00:00.000Z', NULL, 321, NULL, NULL, NULL, NULL, NULL, NULL),
  ('019d9f48-3ee7-790b-a779-d2e724472fb5', '019d2720-47fb-7dc1-ab43-32dcbff73541', '2026-04-18T00:00:00.000Z', NULL, 321, NULL, NULL, NULL, NULL, NULL, NULL),
  ('019da46e-99e8-7ba9-a74e-67d94c0b2bd5', '019d2720-47fb-7dc1-ab43-32dcbff73541', '2026-04-19T00:00:00.000Z', NULL, 321, NULL, NULL, NULL, NULL, NULL, NULL),
  ('019da994-f633-7f8b-8a3d-7c0d21d337f4', '019d2720-47fb-7dc1-ab43-32dcbff73541', '2026-04-20T00:00:00.000Z', NULL, 321, NULL, NULL, NULL, NULL, NULL, NULL),
  ('019d94df-fe72-7e22-be7e-99c20eca506d', '019d36db-b14b-73b7-a66a-d9de0f66dd33', '2026-04-15T20:00:21.000Z', 592, 489, 628, 1100, NULL, NULL, NULL, NULL),
  ('019d9a06-5a59-7c95-90a0-480056a1c10d', '019d36db-b14b-73b7-a66a-d9de0f66dd33', '2026-04-16T20:00:23.000Z', 592, 474, 598, 1100, NULL, NULL, NULL, NULL),
  ('019d9f2c-b602-7efc-8303-e875d59a95d2', '019d36db-b14b-73b7-a66a-d9de0f66dd33', '2026-04-17T20:00:18.000Z', 592, 474, 598, 1100, NULL, NULL, NULL, NULL),
  ('019da453-12a3-7fb0-be92-419cca6645fb', '019d36db-b14b-73b7-a66a-d9de0f66dd33', '2026-04-18T20:00:15.000Z', 586, 474, 598, 1100, NULL, NULL, NULL, NULL),
  ('019da979-6e3b-7d33-b059-669bfd577358', '019d36db-b14b-73b7-a66a-d9de0f66dd33', '2026-04-19T20:00:17.000Z', 571, 474, 599, 1100, NULL, NULL, NULL, NULL),
  ('019d94ed-b8c0-7742-80d9-1095f7203482', '019d36db-d6d1-7187-8fff-de9550790327', '2026-04-16T00:48:46.000Z', 357, 299, NULL, NULL, 200, 325, 330, 392),
  ('019d9a14-161f-74b5-b134-230a9bfc56c8', '019d36db-d6d1-7187-8fff-de9550790327', '2026-04-17T00:42:53.000Z', 357, 299, NULL, NULL, 250, 325, 330, 392),
  ('019d9f3a-71f2-7a10-b302-86b52bc53807', '019d36db-d6d1-7187-8fff-de9550790327', '2026-04-18T00:49:04.000Z', 357, 299, NULL, NULL, 287, 345, 339, 364),
  ('019da460-cdef-7443-aa26-d695284cbef9', '019d36db-d6d1-7187-8fff-de9550790327', '2026-04-19T00:50:04.000Z', 357, 299, NULL, NULL, 287, 345, 339, 364),
  ('019da987-2939-7a90-b90a-25bec9b59bbc', '019d36db-d6d1-7187-8fff-de9550790327', '2026-04-20T00:43:18.000Z', 357, 299, NULL, NULL, 287, 345, 339, 364),
  ('019d94fb-864f-7fc5-a4bf-5c2380653a9a', '019d36dc-046c-7b55-8fe3-462863b2eaee', '2026-04-16T00:00:00.000Z', NULL, 678, NULL, NULL, NULL, NULL, NULL, NULL),
  ('019d9a21-e2ee-78ce-bcdb-d93e2e4de9b7', '019d36dc-046c-7b55-8fe3-462863b2eaee', '2026-04-17T00:00:00.000Z', NULL, 627, NULL, NULL, NULL, NULL, NULL, NULL),
  ('019d9f48-3ee7-7ec7-90c0-5f7a3e230571', '019d36dc-046c-7b55-8fe3-462863b2eaee', '2026-04-18T00:00:00.000Z', NULL, 761, NULL, NULL, NULL, NULL, NULL, NULL),
  ('019da46e-99e9-71ed-80ec-a0a4fcea8754', '019d36dc-046c-7b55-8fe3-462863b2eaee', '2026-04-19T00:00:00.000Z', NULL, 761, NULL, NULL, NULL, NULL, NULL, NULL),
  ('019da994-f634-7622-8c8d-de2820eb3e5c', '019d36dc-046c-7b55-8fe3-462863b2eaee', '2026-04-20T00:00:00.000Z', NULL, 761, NULL, NULL, NULL, NULL, NULL, NULL),
  ('019d94df-fe73-7566-924e-5df75b0d207d', '019d39d5-3cb0-768f-b6ab-e207ec9d4b82', '2026-04-15T20:00:21.000Z', 531, 406, 642, 2331, NULL, NULL, NULL, NULL),
  ('019d9a06-5a5a-7a33-82fc-b1fd08c9fc97', '019d39d5-3cb0-768f-b6ab-e207ec9d4b82', '2026-04-16T20:00:23.000Z', 526, 405, 620, 800, NULL, NULL, NULL, NULL),
  ('019d9f2c-b603-7568-9753-814f4ca1fd05', '019d39d5-3cb0-768f-b6ab-e207ec9d4b82', '2026-04-17T20:00:18.000Z', 533, 405, 585, 2331, NULL, NULL, NULL, NULL),
  ('019da453-12a4-77cd-9180-310afb227a15', '019d39d5-3cb0-768f-b6ab-e207ec9d4b82', '2026-04-18T20:00:15.000Z', 533, 405, 544, 2331, NULL, NULL, NULL, NULL),
  ('019da979-6e3d-734c-a4ca-e62e65e187a3', '019d39d5-3cb0-768f-b6ab-e207ec9d4b82', '2026-04-19T20:00:17.000Z', 523, 405, 544, 2331, NULL, NULL, NULL, NULL),
  ('019d94ed-b8c0-78a6-b8e7-7811a2672c9e', '019d39d5-4b44-7998-8b2c-b6ab6f67ace9', '2026-04-16T00:48:46.000Z', 570, 400, NULL, NULL, 278, 399, 453, 598),
  ('019d9a14-161f-7662-abce-a83e3acb4bc5', '019d39d5-4b44-7998-8b2c-b6ab6f67ace9', '2026-04-17T00:42:53.000Z', 570, 400, NULL, NULL, 325, 399, 453, 598),
  ('019d9f3a-71f2-7bbb-92f0-165f31f1ed2a', '019d39d5-4b44-7998-8b2c-b6ab6f67ace9', '2026-04-18T00:49:04.000Z', 570, 400, NULL, NULL, 354, 400, 464, 557),
  ('019da460-cdef-757a-bb83-cad62ab7a09b', '019d39d5-4b44-7998-8b2c-b6ab6f67ace9', '2026-04-19T00:50:04.000Z', 570, 400, NULL, NULL, 354, 400, 464, 557),
  ('019da987-2939-7c21-9e83-deb8777c4d8c', '019d39d5-4b44-7998-8b2c-b6ab6f67ace9', '2026-04-20T00:43:18.000Z', 570, 350, NULL, NULL, 354, 400, 464, 557),
  ('019d94fb-85e9-7e00-a6b0-8626edbf37e2', '019d39d5-5fdb-7865-9a18-f35ef763d762', '2026-04-16T00:00:00.000Z', NULL, 310, NULL, NULL, NULL, NULL, NULL, NULL),
  ('019d9a21-e276-77ba-971a-b84ad134fc0f', '019d39d5-5fdb-7865-9a18-f35ef763d762', '2026-04-17T00:00:00.000Z', NULL, 310, NULL, NULL, NULL, NULL, NULL, NULL),
  ('019d9f48-3e80-73ca-9d49-9313cdea95e9', '019d39d5-5fdb-7865-9a18-f35ef763d762', '2026-04-18T00:00:00.000Z', NULL, 310, NULL, NULL, NULL, NULL, NULL, NULL),
  ('019da46e-996b-7f75-9c15-9fca54fde3b2', '019d39d5-5fdb-7865-9a18-f35ef763d762', '2026-04-19T00:00:00.000Z', NULL, 310, NULL, NULL, NULL, NULL, NULL, NULL),
  ('019da994-f5bd-744b-a528-8c8d38c20bab', '019d39d5-5fdb-7865-9a18-f35ef763d762', '2026-04-20T00:00:00.000Z', NULL, 310, NULL, NULL, NULL, NULL, NULL, NULL),
  ('019d94df-fe76-7a97-ad02-36dc622de762', '019d409a-acc8-72be-bbea-7495802c2f6d', '2026-04-15T20:00:21.000Z', 3263, 2500, 3441, 3999, NULL, NULL, NULL, NULL),
  ('019d9a06-5a5e-74fb-85f3-24eb248fd6d6', '019d409a-acc8-72be-bbea-7495802c2f6d', '2026-04-16T20:00:23.000Z', 3263, 2500, 3345, 3999, NULL, NULL, NULL, NULL),
  ('019d9f2c-b604-7a02-b93c-10f1fe112ce4', '019d409a-acc8-72be-bbea-7495802c2f6d', '2026-04-17T20:00:18.000Z', 3263, 2500, 3315, 3999, NULL, NULL, NULL, NULL),
  ('019da453-12a6-724b-8943-620e9b85e906', '019d409a-acc8-72be-bbea-7495802c2f6d', '2026-04-18T20:00:15.000Z', 3246, 2368, 3273, 3999, NULL, NULL, NULL, NULL),
  ('019da979-6e42-730d-9384-f0a8694dce2a', '019d409a-acc8-72be-bbea-7495802c2f6d', '2026-04-19T20:00:17.000Z', 3246, 2368, 3273, 3999, NULL, NULL, NULL, NULL),
  ('019d94ed-b8c0-7e31-aad9-6f9f35558747', '019d409a-bd07-7d46-a76c-2e12f44eb3fb', '2026-04-16T00:48:46.000Z', 1403, 1000, NULL, NULL, 1302, 1200, 1340, 1377),
  ('019d9a14-161f-7d32-aec8-34ec9805cb46', '019d409a-bd07-7d46-a76c-2e12f44eb3fb', '2026-04-17T00:42:53.000Z', 1403, 1000, NULL, NULL, 1292, 1200, 1340, 1377),
  ('019d9f3a-71f3-7439-946f-7b1eb55283f1', '019d409a-bd07-7d46-a76c-2e12f44eb3fb', '2026-04-18T00:49:04.000Z', 1403, 1000, NULL, NULL, 1286, 1290, 1326, 1373),
  ('019da460-cdef-7ad6-987e-5dc25ab7c092', '019d409a-bd07-7d46-a76c-2e12f44eb3fb', '2026-04-19T00:50:04.000Z', 1403, 1000, NULL, NULL, 1296, 1399, 1319, 1371),
  ('019da987-293a-7566-a145-ada95616ae19', '019d409a-bd07-7d46-a76c-2e12f44eb3fb', '2026-04-20T00:43:18.000Z', 1403, 1000, NULL, NULL, 1260, 1000, 1296, 1360),
  ('019d94fb-8651-727c-81b4-cfc69fc5aa0b', '019d409b-dd75-7be6-90ec-d14b3fbab031', '2026-04-16T00:00:00.000Z', NULL, 1266, NULL, NULL, NULL, NULL, NULL, NULL),
  ('019d9a21-e2f0-76ad-957b-738cc0639f4d', '019d409b-dd75-7be6-90ec-d14b3fbab031', '2026-04-17T00:00:00.000Z', NULL, 1015, NULL, NULL, NULL, NULL, NULL, NULL),
  ('019d9f48-3ee9-73e9-bbc3-18bfe01a2608', '019d409b-dd75-7be6-90ec-d14b3fbab031', '2026-04-18T00:00:00.000Z', NULL, 1015, NULL, NULL, NULL, NULL, NULL, NULL),
  ('019da46e-99ea-7411-9e4a-29c028bcfd77', '019d409b-dd75-7be6-90ec-d14b3fbab031', '2026-04-19T00:00:00.000Z', NULL, 1015, NULL, NULL, NULL, NULL, NULL, NULL),
  ('019da994-f637-7f58-a10f-3b7367e436e3', '019d409b-dd75-7be6-90ec-d14b3fbab031', '2026-04-20T00:00:00.000Z', NULL, 1015, NULL, NULL, NULL, NULL, NULL, NULL),
  ('019d94df-fe76-7bc9-be5b-d217d3208997', '019d409c-1555-7f70-8f25-e86f84b0cd98', '2026-04-15T20:00:21.000Z', 623, 400, 695, 4299, NULL, NULL, NULL, NULL),
  ('019d9a06-5a5e-7699-b8b9-e8911254ced8', '019d409c-1555-7f70-8f25-e86f84b0cd98', '2026-04-16T20:00:23.000Z', 612, 392, 662, 4299, NULL, NULL, NULL, NULL),
  ('019d9f2c-b604-7b86-b87d-b812fa37cb55', '019d409c-1555-7f70-8f25-e86f84b0cd98', '2026-04-17T20:00:18.000Z', 591, 391, 614, 4299, NULL, NULL, NULL, NULL),
  ('019da453-12a6-73f5-aee8-178e5ab09ee2', '019d409c-1555-7f70-8f25-e86f84b0cd98', '2026-04-18T20:00:15.000Z', 591, 391, 600, 4299, NULL, NULL, NULL, NULL),
  ('019da979-6e42-78b9-a6e0-849835505c7b', '019d409c-1555-7f70-8f25-e86f84b0cd98', '2026-04-19T20:00:17.000Z', 568, 391, 600, 4299, NULL, NULL, NULL, NULL),
  ('019d94ed-b8c0-7cdb-bea4-d662a37bc3c7', '019d409c-257e-7837-acd8-a7247a352263', '2026-04-16T00:48:46.000Z', 460, 300, NULL, NULL, 397, 320, 384, 444),
  ('019d9a14-161f-7bb4-ad8c-b24624d7ab96', '019d409c-257e-7837-acd8-a7247a352263', '2026-04-17T00:42:53.000Z', 460, 300, NULL, NULL, 390, 320, 384, 444),
  ('019d9f3a-71f3-719f-a70d-6347826cfdf3', '019d409c-257e-7837-acd8-a7247a352263', '2026-04-18T00:49:04.000Z', 460, 300, NULL, NULL, 389, 420, 391, 440),
  ('019da460-cdef-798e-86c4-b227be0291c5', '019d409c-257e-7837-acd8-a7247a352263', '2026-04-19T00:50:04.000Z', 460, 300, NULL, NULL, 389, 420, 391, 440),
  ('019da987-293a-729a-a256-255f0b3ca958', '019d409c-257e-7837-acd8-a7247a352263', '2026-04-20T00:43:18.000Z', 460, 300, NULL, NULL, 389, 440, 402, 439),
  ('019d94fb-8651-7391-86e0-7f4b31a56c4c', '019d409c-4990-7567-9446-713149a13449', '2026-04-16T00:00:00.000Z', NULL, 436, NULL, NULL, NULL, NULL, NULL, NULL),
  ('019d9a21-e2f0-783a-9947-2d246918cfb6', '019d409c-4990-7567-9446-713149a13449', '2026-04-17T00:00:00.000Z', NULL, 441, NULL, NULL, NULL, NULL, NULL, NULL),
  ('019d9f48-3ee9-7562-980c-6861f76fe0f8', '019d409c-4990-7567-9446-713149a13449', '2026-04-18T00:00:00.000Z', NULL, 441, NULL, NULL, NULL, NULL, NULL, NULL),
  ('019da46e-99ea-74f6-ad2b-baa8fc47b2f8', '019d409c-4990-7567-9446-713149a13449', '2026-04-19T00:00:00.000Z', NULL, 441, NULL, NULL, NULL, NULL, NULL, NULL),
  ('019da994-f638-7246-8ab7-c10d6f928aab', '019d409c-4990-7567-9446-713149a13449', '2026-04-20T00:00:00.000Z', NULL, 410, NULL, NULL, NULL, NULL, NULL, NULL),
  ('019d94df-fe73-7a04-85e7-4f108260ec82', '019d409c-d90e-71a9-af57-66e5972fcac1', '2026-04-15T20:00:21.000Z', 856, 730, 883, 1597, NULL, NULL, NULL, NULL),
  ('019d9a06-5a5b-7a0a-8d01-738408eb667d', '019d409c-d90e-71a9-af57-66e5972fcac1', '2026-04-16T20:00:23.000Z', 856, 592, 869, 1597, NULL, NULL, NULL, NULL),
  ('019d9f2c-b603-7969-b1a8-66790315a67c', '019d409c-d90e-71a9-af57-66e5972fcac1', '2026-04-17T20:00:18.000Z', 827, 592, 864, 1597, NULL, NULL, NULL, NULL),
  ('019da453-12a5-7105-8b04-e53b4d5576bd', '019d409c-d90e-71a9-af57-66e5972fcac1', '2026-04-18T20:00:15.000Z', 827, 592, 858, 1597, NULL, NULL, NULL, NULL),
  ('019da979-6e3e-7e82-ab7c-d8fa78af9664', '019d409c-d90e-71a9-af57-66e5972fcac1', '2026-04-19T20:00:17.000Z', 783, 592, 856, 1597, NULL, NULL, NULL, NULL),
  ('019d94ed-b8c0-79bf-8aca-d67f7eafdd70', '019d409c-e79b-73da-8bf0-a92c7813c6aa', '2026-04-16T00:48:46.000Z', 334, 225, NULL, NULL, 206, 326, 350, 373),
  ('019d9a14-161f-77cd-b695-d305eea5f19c', '019d409c-e79b-73da-8bf0-a92c7813c6aa', '2026-04-17T00:42:53.000Z', 334, 225, NULL, NULL, 243, 326, 350, 373),
  ('019d9f3a-71f2-7d19-9ba6-71ddaa40c847', '019d409c-e79b-73da-8bf0-a92c7813c6aa', '2026-04-18T00:49:04.000Z', 334, 225, NULL, NULL, 282, 286, 339, 350),
  ('019da460-cdef-769f-9476-b32c6c976a98', '019d409c-e79b-73da-8bf0-a92c7813c6aa', '2026-04-19T00:50:04.000Z', 334, 225, NULL, NULL, 282, 286, 339, 350),
  ('019da987-2939-7dd6-beb9-79310d7c6c8d', '019d409c-e79b-73da-8bf0-a92c7813c6aa', '2026-04-20T00:43:18.000Z', 334, 225, NULL, NULL, 282, 286, 339, 350),
  ('019d94fb-8650-7753-ad92-4892ce23f284', '019d409d-08e1-70e7-89b1-047ee4d16255', '2026-04-16T00:00:00.000Z', NULL, 464, NULL, NULL, NULL, NULL, NULL, NULL),
  ('019d9a21-e2ef-736e-ba18-92b4641af2d7', '019d409d-08e1-70e7-89b1-047ee4d16255', '2026-04-17T00:00:00.000Z', NULL, 464, NULL, NULL, NULL, NULL, NULL, NULL),
  ('019d9f48-3ee8-77b0-9b42-675477fe3fc6', '019d409d-08e1-70e7-89b1-047ee4d16255', '2026-04-18T00:00:00.000Z', NULL, 464, NULL, NULL, NULL, NULL, NULL, NULL),
  ('019da46e-99e9-7949-bc83-56b561f1f288', '019d409d-08e1-70e7-89b1-047ee4d16255', '2026-04-19T00:00:00.000Z', NULL, 464, NULL, NULL, NULL, NULL, NULL, NULL),
  ('019da994-f636-7f29-bc1b-d73b78a00958', '019d409d-08e1-70e7-89b1-047ee4d16255', '2026-04-20T00:00:00.000Z', NULL, 464, NULL, NULL, NULL, NULL, NULL, NULL),
  ('019d94fb-8650-7955-891d-6efa97e118e3', '019d409d-4b20-7525-ba78-33b069b9680c', '2026-04-16T00:00:00.000Z', NULL, 803, NULL, NULL, NULL, NULL, NULL, NULL),
  ('019d9a21-e2ef-76b4-b4a8-a1d3f7ec8b40', '019d409d-4b20-7525-ba78-33b069b9680c', '2026-04-17T00:00:00.000Z', NULL, 803, NULL, NULL, NULL, NULL, NULL, NULL),
  ('019d9f48-3ee8-7a22-8eab-d792d3448f5e', '019d409d-4b20-7525-ba78-33b069b9680c', '2026-04-18T00:00:00.000Z', NULL, 803, NULL, NULL, NULL, NULL, NULL, NULL),
  ('019da46e-99e9-7b60-8bb5-e177224a7f1e', '019d409d-4b20-7525-ba78-33b069b9680c', '2026-04-19T00:00:00.000Z', NULL, 803, NULL, NULL, NULL, NULL, NULL, NULL),
  ('019da994-f637-726f-aec2-ea4a02cc0950', '019d409d-4b20-7525-ba78-33b069b9680c', '2026-04-20T00:00:00.000Z', NULL, 803, NULL, NULL, NULL, NULL, NULL, NULL),
  ('019d94df-fe75-7da4-adbd-968626f70fc5', '019d409d-71c9-72c1-852e-c4cd636fcaae', '2026-04-15T20:00:21.000Z', 1891, 3000, 3000, 3000, NULL, NULL, NULL, NULL),
  ('019d9a06-5a5b-7d51-9604-b3f4a5f2a139', '019d409d-71c9-72c1-852e-c4cd636fcaae', '2026-04-16T20:00:23.000Z', 1891, 2977, 2977, 2977, NULL, NULL, NULL, NULL),
  ('019d9f2c-b603-7b8c-ad70-6ce6d752df7b', '019d409d-71c9-72c1-852e-c4cd636fcaae', '2026-04-17T20:00:18.000Z', 1891, 2000, 2834, 3000, NULL, NULL, NULL, NULL),
  ('019da453-12a5-749b-90b7-18fa63d18fc5', '019d409d-71c9-72c1-852e-c4cd636fcaae', '2026-04-18T20:00:15.000Z', 1891, 2000, 2645, 3000, NULL, NULL, NULL, NULL),
  ('019da979-6e3f-7d78-b741-2c4e284b86e4', '019d409d-71c9-72c1-852e-c4cd636fcaae', '2026-04-19T20:00:17.000Z', 2032, 2691, 2977, 3000, NULL, NULL, NULL, NULL),
  ('019d94ed-b8c0-7b25-a8af-aeb6a57716ae', '019d409d-809a-7cc7-9da8-890c704bdcc6', '2026-04-16T00:48:46.000Z', 849, 600, NULL, NULL, 821, 700, 831, 812),
  ('019d9a14-161f-796e-b743-bc4aa929b1f6', '019d409d-809a-7cc7-9da8-890c704bdcc6', '2026-04-17T00:42:53.000Z', 849, 600, NULL, NULL, 800, 700, 831, 812),
  ('019d9f3a-71f2-7ead-a8c2-72c4afc7c4ce', '019d409d-809a-7cc7-9da8-890c704bdcc6', '2026-04-18T00:49:04.000Z', 849, 600, NULL, NULL, 794, 715, 791, 807),
  ('019da460-cdef-7804-a3ca-21e1f4759272', '019d409d-809a-7cc7-9da8-890c704bdcc6', '2026-04-19T00:50:04.000Z', 849, 600, NULL, NULL, 790, 750, 788, 806),
  ('019da987-2939-7ff2-a84d-69f7f4de6dc6', '019d409d-809a-7cc7-9da8-890c704bdcc6', '2026-04-20T00:43:18.000Z', 849, 600, NULL, NULL, 790, 750, 788, 806);


-- Feature flags
INSERT INTO feature_flags (key, enabled, description) VALUES
  ('copies-tracked', TRUE, 'Show the total copies tracked counter on the landing page'),
  ('rules', TRUE, 'Show the game rules page and header link'),
  ('price-history', TRUE, 'Show the Value Over Time chart on the collection stats page'),
  ('stats', TRUE, 'Show the collection statistics page and sidebar link');


-- Rules

